batch,pair,source_name,target_name,cost_9,angle_9,cost_16,angle_16,cost_32,angle_32,cost_64,angle_64,cost_128,angle_128,cost_196,angle_196,cost_256,angle_256,cost_384,angle_384,cost_512,angle_512,angle_global,cost_global
003_03,1,003 HE R1_3.vsi - 20x_03.tif,003_ST_V19S23_107_3_03.tif,-0.1199224665760994,146,-0.07459518313407898,113,-0.07149511575698853,119,-0.1447232961654663,151,-0.31695085763931274,58,-0.49542179703712463,60,-0.5864741802215576,47,-0.7256301641464233,60,-0.7733290195465088,58,58.0,-0.7430205345153809
003_03,2,003_ST_V19S23_107_3_03.tif,003_MP_F3.vsi - 20x_BF_03.tif,-0.10761204361915588,97,-0.06300794333219528,93,-0.04238719865679741,94,-0.06575853377580643,91,-0.1914626657962799,95,-0.3130941390991211,98,-0.42384713888168335,97,-0.563239336013794,95,-0.6414266228675842,95,95.0,-0.61846923828125
003_03,3,003_MP_F3.vsi - 20x_BF_03.tif,003 M+ V6 HES.vsi - 20x_BF_03.tif,-0.10982602834701538,170,-0.06199085712432861,170,-0.03358985483646393,251,-0.05181615427136421,231,-0.18718130886554718,250,-0.34596574306488037,231,-0.4576658606529236,232,-0.6013889908790588,179,-0.6735811829566956,179,179.0,-0.6573172807693481
003_03,4,003 M+ V6 HES.vsi - 20x_BF_03.tif,003 M- V7 HES.vsi - 20x_BF_03.tif,-0.14477461576461792,346,-0.1069478690624237,346,-0.12590713798999786,346,-0.22820010781288147,346,-0.4378209412097931,346,-0.5853651165962219,346,-0.6951270699501038,346,-0.8053464293479919,346,-0.839398205280304,346,346.0,-0.8113857507705688
003_03,5,003 M- V7 HES.vsi - 20x_BF_03.tif,003 MM V8_01.vsi - 20x_BF_03.tif,-0.10633469372987747,15,-0.06641440838575363,21,-0.039231542497873306,18,-0.054629430174827576,322,-0.14473599195480347,323,-0.2689300775527954,110,-0.3729376494884491,288,-0.5037979483604431,295,-0.5841042399406433,323,323.0,-0.5825067758560181
003_03,6,003 MM V8_01.vsi - 20x_BF_03.tif,003_LPS_F9_094304_202205.vsi - 40x_BF_03.tif,-0.10533910989761353,312,-0.06509365141391754,312,-0.05136319249868393,312,-0.09055864810943604,311,-0.2583424746990204,322,-0.40330639481544495,321,-0.49115949869155884,322,-0.596483051776886,322,-0.641836941242218,322,322.0,-0.6771823763847351
003_03,7,003_LPS_F9_094304_202205.vsi - 40x_BF_03.tif,003_LTA_F10_095615_202205.vsi - 40x_BF_03.tif,-0.09319649636745453,38,-0.06216968223452568,102,-0.05644458532333374,103,-0.08580007404088974,102,-0.2072221338748932,102,-0.32531872391700745,103,-0.39235129952430725,88,-0.4929050803184509,91,-0.5376039147377014,81,81.0,-0.5815369486808777
003_03,8,003_LTA_F10_095615_202205.vsi - 40x_BF_03.tif,003 HE R11_3.vsi - 20x_03.tif,-0.09828916192054749,308,-0.06372356414794922,330,-0.04811758175492287,330,-0.07036890089511871,162,-0.15804333984851837,178,-0.28081467747688293,162,-0.3421412706375122,162,-0.4248329699039459,113,-0.48162901401519775,304,305.0,-0.4903932511806488
003_03,9,003 HE R11_3.vsi - 20x_03.tif,003 HE R21_3.vsi - 20x_03.tif,-0.13020585477352142,318,-0.08757452666759491,324,-0.08791179955005646,321,-0.17007973790168762,321,-0.34261053800582886,321,-0.4801931381225586,323,-0.5775086283683777,324,-0.6682034730911255,61,-0.7334473729133606,320,320.0,-0.6915546655654907
046_02,1,046 HE R1_1.vsi - 20x_02.tif,046_ST_V10A20_011_2_02.tif,-0.1811736524105072,79,-0.15996430814266205,78,-0.20458950102329254,79,-0.32273539900779724,79,-0.5195068120956421,79,-0.6674696803092957,79,-0.734534740447998,79,-0.784835159778595,79,-0.8352606296539307,79,79.0,-0.8369867205619812
046_02,2,046_ST_V10A20_011_2_02.tif,046_MP_F3.vsi - 20x_BF_02.tif,-0.12210134416818619,91,-0.07780803740024567,229,-0.05861438065767288,235,-0.08875339478254318,225,-0.21795734763145447,262,-0.3506544232368469,255,-0.4461888074874878,261,-0.5555890202522278,252,-0.6125469207763672,261,261.0,-0.6070886850357056
046_02,3,046_MP_F3.vsi - 20x_BF_02.tif,046 M+ V6 HES.vsi - 20x_BF_02.tif,-0.12097461521625519,357,-0.07786187529563904,353,-0.051952965557575226,353,-0.0703488364815712,184,-0.1764727681875229,60,-0.3040902614593506,60,-0.3886577785015106,61,-0.5108887553215027,55,-0.5875003933906555,60,60.0,-0.5805983543395996
046_02,4,046 M+ V6 HES.vsi - 20x_BF_02.tif,046 M- V7 HES.vsi - 20x_BF_02.tif,-0.1395961046218872,47,-0.10033516585826874,47,-0.09321436285972595,47,-0.16118919849395752,47,-0.3130451440811157,47,-0.4285598695278168,47,-0.5020360946655273,47,-0.5920911431312561,47,-0.653403103351593,47,47.0,-0.6448296308517456
046_02,5,046 M- V7 HES.vsi - 20x_BF_02.tif,046 MM V8_01.vsi - 20x_BF_02.tif,-0.12142457067966461,105,-0.08336097002029419,105,-0.06042883172631264,101,-0.08199810981750488,101,-0.19099734723567963,100,-0.3119032680988312,105,-0.39280688762664795,101,-0.5274744033813477,101,-0.5664046406745911,102,102.0,-0.5693215131759644
046_02,6,046 MM V8_01.vsi - 20x_BF_02.tif,046_LPS_F9_094744_202205.vsi - 40x_BF_02.tif,-0.14813117682933807,117,-0.12456867843866348,117,-0.1451968252658844,117,-0.23871752619743347,117,-0.44017231464385986,117,-0.5551422834396362,117,-0.6528418660163879,117,-0.7102779746055603,117,-0.7663522362709045,116,116.0,-0.7880116701126099
046_02,7,046_LPS_F9_094744_202205.vsi - 40x_BF_02.tif,046_LTA_F10_100202_202205.vsi - 40x_BF_02.tif,-0.1588898003101349,72,-0.14350132644176483,72,-0.17804114520549774,72,-0.2715587913990021,72,-0.458204448223114,72,-0.5933809876441956,72,-0.6727526187896729,72,-0.7164216637611389,72,-0.7656204700469971,72,72.0,-0.7933955192565918
046_02,8,046_LTA_F10_100202_202205.vsi - 40x_BF_02.tif,046 HE R11_1.vsi - 20x_02.tif,-0.11160802841186523,44,-0.07080256193876266,351,-0.055390432476997375,350,-0.09522835910320282,51,-0.22521701455116272,120,-0.35657787322998047,188,-0.45103201270103455,187,-0.5529564023017883,184,-0.6211283802986145,187,187.0,-0.6262342929840088
046_02,9,046 HE R11_1.vsi - 20x_02.tif,046 HE R21_1.vsi - 20x_02.tif,-0.13752540946006775,217,-0.10394373536109924,217,-0.10383763909339905,221,-0.17690584063529968,220,-0.33723029494285583,17,-0.45796266198158264,19,-0.5527547001838684,18,-0.6323613524436951,31,-0.7139753699302673,31,31.0,-0.6887547969818115
047_02,1,047 HE R1_1.vsi - 20x_02.tif,047_ST_V10A20_007_2_02.tif,-0.14444679021835327,335,-0.1230517327785492,333,-0.16736705601215363,334,-0.29210883378982544,334,-0.5015015602111816,335,-0.6443184018135071,336,-0.736765444278717,335,-0.8313837051391602,336,-0.8668637871742249,335,335.0,-0.8490456342697144
047_02,2,047_ST_V10A20_007_2_02.tif,047_MP_F3.vsi - 20x_BF_02.tif,-0.11080306768417358,244,-0.07396972179412842,245,-0.06589449942111969,245,-0.11112622916698456,245,-0.2611313462257385,246,-0.41247251629829407,245,-0.5189816355705261,245,-0.6473817825317383,246,-0.7025704979896545,246,246.0,-0.6840924620628357
047_02,3,047_MP_F3.vsi - 20x_BF_02.tif,047 M+ V6 HES.vsi - 20x_BF_02.tif,-0.10665465146303177,164,-0.06714953482151031,164,-0.05269213765859604,11,-0.08531775325536728,169,-0.2222583293914795,164,-0.3779517710208893,164,-0.48437002301216125,169,-0.6180528402328491,134,-0.6937491297721863,168,168.0,-0.6771895885467529
047_02,4,047 M+ V6 HES.vsi - 20x_BF_02.tif,047 M- V7 HES.vsi - 20x_BF_02.tif,-0.16087943315505981,288,-0.15587860345840454,288,-0.20911303162574768,288,-0.3301951587200165,288,-0.5249885320663452,288,-0.6704463362693787,288,-0.7598834037780762,288,-0.8422670960426331,288,-0.872427761554718,288,288.0,-0.8567804098129272
047_02,5,047 M- V7 HES.vsi - 20x_BF_02.tif,047 MM V8.vsi - 20x_BF_02.tif,-0.10741280019283295,90,-0.06766312569379807,90,-0.05194864422082901,89,-0.08071758598089218,89,-0.20730897784233093,88,-0.36377841234207153,89,-0.4729728102684021,88,-0.616600751876831,89,-0.6775410175323486,88,88.0,-0.6671398282051086
047_02,6,047 MM V8.vsi - 20x_BF_02.tif,047_LPS_F9_095009_202205.vsi - 40x_BF_02.tif,-0.1008048951625824,167,-0.07001577317714691,171,-0.06372104585170746,172,-0.08998716622591019,63,-0.19056425988674164,62,-0.27539464831352234,201,-0.3411954343318939,200,-0.37552410364151,283,-0.42355525493621826,181,180.0,-0.5003849267959595
047_02,7,047_LPS_F9_095009_202205.vsi - 40x_BF_02.tif,047_LTA_F10_100334_202205.vsi - 40x_BF_02.tif,-0.10714016854763031,147,-0.08870835602283478,147,-0.08478762954473495,147,-0.11022074520587921,147,-0.19869039952754974,145,-0.2568570673465729,143,-0.31787654757499695,146,-0.33659136295318604,147,-0.3863784074783325,146,146.0,-0.4650443196296692
047_02,8,047_LTA_F10_100334_202205.vsi - 40x_BF_02.tif,047 HE R11_1.vsi - 20x_02.tif,-0.10693210363388062,96,-0.07273558527231216,235,-0.07238553464412689,232,-0.1301886886358261,269,-0.28896215558052063,94,-0.4322050213813782,266,-0.5082060098648071,265,-0.5772107243537903,88,-0.6489691138267517,90,90.0,-0.6694077253341675
047_02,9,047 HE R11_1.vsi - 20x_02.tif,047 HE R21_1.vsi - 20x_02.tif,-0.12285520136356354,33,-0.08465435355901718,33,-0.08938239514827728,38,-0.16063302755355835,37,-0.35392841696739197,36,-0.5320538878440857,37,-0.6365808248519897,36,-0.7645459771156311,36,-0.8093187808990479,36,36.0,-0.7855072021484375
001_04,1,001 HE R1_4.vsi - 20x_04.tif,001_ST_V19S23_106_4_04.tif,-0.13047343492507935,276,-0.08551003783941269,278,-0.07279551774263382,277,-0.10872649401426315,278,-0.22242453694343567,277,-0.3395477831363678,278,-0.42820289731025696,278,-0.5492836833000183,278,-0.605981707572937,278,278.0,-0.6060214042663574
001_04,2,001_ST_V19S23_106_4_04.tif,001_MP_F3.vsi - 20x_BF_04.tif,-0.12549366056919098,104,-0.08995938301086426,104,-0.07228679955005646,101,-0.08650904893875122,101,-0.15799297392368317,100,-0.2604560852050781,101,-0.3501753509044647,101,-0.4688539505004883,279,-0.5336847901344299,102,102.0,-0.5407109260559082
001_04,3,001_MP_F3.vsi - 20x_BF_04.tif,001 M+ V6 HES.vsi - 20x_BF_04.tif,-0.11379638314247131,250,-0.07321508228778839,93,-0.05167684704065323,271,-0.0720425620675087,303,-0.1817215532064438,303,-0.28600138425827026,279,-0.3678516745567322,279,-0.4944112002849579,302,-0.5594545006752014,302,302.0,-0.565223217010498
001_04,4,001 M+ V6 HES.vsi - 20x_BF_04.tif,001 M- V7 HES.vsi - 20x_BF_04.tif,-0.12827204167842865,0,-0.0869784951210022,354,-0.07326732575893402,355,-0.11541692912578583,354,-0.2579580247402191,355,-0.3751288056373596,354,-0.456064909696579,354,-0.5260934233665466,223,-0.6110647916793823,354,354.0,-0.6008599996566772
001_04,5,001 M- V7 HES.vsi - 20x_BF_04.tif,001  MM V8.vsi - 20x_BF_04.tif,-0.1197497546672821,185,-0.07999652624130249,352,-0.06056585907936096,174,-0.08664527535438538,212,-0.21283754706382751,174,-0.33861488103866577,176,-0.43072038888931274,175,-0.546192467212677,174,-0.6193093657493591,175,175.0,-0.6363720297813416
001_04,6,001  MM V8.vsi - 20x_BF_04.tif,001_LPS_F9_094012_202205.vsi - 40x_BF_04.tif,-0.12462177127599716,292,-0.0867752954363823,291,-0.06744407117366791,291,-0.08146188408136368,295,-0.16916970908641815,183,-0.25729650259017944,186,-0.32398027181625366,186,-0.4308534860610962,187,-0.5129762291908264,187,187.0,-0.5105156898498535
001_04,7,001_LPS_F9_094012_202205.vsi - 40x_BF_04.tif,001_LTA_F10_095324_202205.vsi - 40x_BF_04.tif,-0.12619233131408691,21,-0.08826112747192383,21,-0.07013336569070816,21,-0.09785390645265579,22,-0.20007187128067017,18,-0.30108755826950073,17,-0.37381941080093384,17,-0.46840259432792664,22,-0.5269892811775208,22,22.0,-0.5101915001869202
001_04,8,001_LTA_F10_095324_202205.vsi - 40x_BF_04.tif,001 HE R11_4.vsi - 20x_04.tif,-0.17258048057556152,82,-0.15063761174678802,82,-0.16720804572105408,82,-0.23059187829494476,82,-0.3542686104774475,82,-0.4529281258583069,82,-0.5466774106025696,82,-0.6290828585624695,82,-0.7003708481788635,82,82.0,-0.6983543634414673
001_04,9,001 HE R11_4.vsi - 20x_04.tif,001 HE R21_4.vsi - 20x_04.tif,-0.156890407204628,11,-0.11923709511756897,11,-0.13041803240776062,9,-0.21187949180603027,9,-0.38022878766059875,10,-0.5108442306518555,11,-0.6155192852020264,11,-0.6660512089729309,11,-0.7503501176834106,11,11.0,-0.7308504581451416
045_01,1,045 HE R1_1.vsi - 20x_01.tif,045_ST_V10A20_008_1_01.tif,-0.1186700090765953,197,-0.08140051364898682,77,-0.08701770007610321,200,-0.1606077402830124,200,-0.3346789479255676,28,-0.4892657697200775,78,-0.5985963940620422,204,-0.7184528708457947,82,-0.7759226560592651,239,239.0,-0.7470122575759888
045_01,2,045_ST_V10A20_008_1_01.tif,045_MP_F3.vsi - 20x_BF_01.tif,-0.10489729046821594,143,-0.06632132083177567,143,-0.0505976639688015,143,-0.06045492738485336,143,-0.15218044817447662,142,-0.3026846647262573,124,-0.3872109055519104,134,-0.5176768898963928,240,-0.5858200192451477,125,125.0,-0.5739377737045288
045_01,3,045_MP_F3.vsi - 20x_BF_01.tif,045 M+ V6 HES.vsi - 20x_BF_01.tif,-0.10539737343788147,239,-0.06388336420059204,240,-0.03456396609544754,222,-0.04761365428566933,274,-0.14417517185211182,275,-0.2667602598667145,312,-0.36404192447662354,275,-0.5188741683959961,140,-0.5940014123916626,130,130.0,-0.5826146602630615
045_01,4,045 M+ V6 HES.vsi - 20x_BF_01.tif,045 M- V7 HES.vsi - 20x_BF_01.tif,-0.12114927917718887,295,-0.09106162190437317,295,-0.10784541070461273,295,-0.19402028620243073,295,-0.3871610462665558,295,-0.5437658429145813,295,-0.6684600114822388,295,-0.7828220129013062,295,-0.8333213925361633,295,295.0,-0.8033386468887329
045_01,5,045 M- V7 HES.vsi - 20x_BF_01.tif,045 MM V8_01.vsi - 20x_BF_01.tif,-0.09407032281160355,320,-0.06083628907799721,320,-0.042960915714502335,321,-0.059922073036432266,321,-0.17889250814914703,321,-0.3360467553138733,83,-0.4489189684391022,344,-0.6050388813018799,55,-0.665241539478302,320,320.0,-0.6628243327140808
045_01,6,045 MM V8_01.vsi - 20x_BF_01.tif,045_LPS_F9_094555_202205.vsi - 40x_BF_01.tif,-0.09582900255918503,62,-0.05587172508239746,68,-0.0424630232155323,241,-0.07148098945617676,15,-0.20938178896903992,348,-0.3414587378501892,26,-0.4553525745868683,189,-0.568658709526062,35,-0.6288682222366333,188,188.0,-0.6348875164985657
045_01,7,045_LPS_F9_094555_202205.vsi - 40x_BF_01.tif,045_LTA_F10_100028_202205.vsi - 40x_BF_01.tif,-0.09174148738384247,310,-0.0607871450483799,309,-0.05622988939285278,309,-0.09442710876464844,315,-0.22313059866428375,306,-0.35096272826194763,309,-0.4405071437358856,309,-0.5551798939704895,357,-0.6144617199897766,310,310.0,-0.6248061060905457
045_01,8,045_LTA_F10_100028_202205.vsi - 40x_BF_01.tif,045 HE R11_1.vsi - 20x_01.tif,-0.09343209862709045,103,-0.05745428055524826,101,-0.042013756930828094,102,-0.06264115869998932,316,-0.1717025339603424,207,-0.2921331822872162,316,-0.4052969217300415,101,-0.5837035775184631,102,-0.6400764584541321,101,101.0,-0.6368471384048462
045_01,9,045 HE R11_1.vsi - 20x_01.tif,045 HE R21_1.vsi - 20x_01.tif,-0.11807319521903992,295,-0.07994741201400757,295,-0.08803893625736237,154,-0.18421418964862823,154,-0.41664108633995056,154,-0.5598880052566528,154,-0.69490647315979,154,-0.7919643521308899,154,-0.8431933522224426,154,154.0,-0.8234479427337646
002_02,1,002 HE R1_2.vsi - 20x_02.tif,002_ST_V19S23_002_2_02.tif,-0.10677232593297958,14,-0.06897267699241638,14,-0.07269347459077835,12,-0.12783634662628174,12,-0.23582860827445984,17,-0.34258705377578735,33,-0.4248353838920593,40,-0.5463131666183472,33,-0.6218495965003967,41,41.0,-0.5276533365249634
002_02,2,002_ST_V19S23_002_2_02.tif,002_MP_F3.vsi - old_03 - 20x_BF_02.tif,-0.09266027808189392,17,-0.051027968525886536,345,-0.033094342797994614,37,-0.04247317835688591,215,-0.10115180909633636,82,-0.20501971244812012,186,-0.276429146528244,73,-0.44921866059303284,73,-0.5000680088996887,219,73.0,-0.37958356738090515
002_02,3,002_MP_F3.vsi - old_03 - 20x_BF_02.tif,002 M+ V6 HES.vsi - 20x_BF_02.tif,-0.09783273935317993,129,-0.0560171864926815,183,-0.042453180998563766,340,-0.08623319864273071,158,-0.24382056295871735,303,-0.42585813999176025,303,-0.535637378692627,303,-0.69017094373703,306,-0.7309191226959229,306,306.0,-0.7233518362045288
002_02,4,002 M+ V6 HES.vsi - 20x_BF_02.tif,002 M- V7 HES.vsi - 20x_BF_02.tif,-0.11949864029884338,11,-0.08467206358909607,11,-0.08554359525442123,11,-0.14179982244968414,7,-0.28159546852111816,23,-0.4552275240421295,23,-0.5515592694282532,23,-0.6814396381378174,23,-0.7175214886665344,24,24.0,-0.6699665784835815
002_02,5,002 M- V7 HES.vsi - 20x_BF_02.tif,002 MM V8_01.vsi - 20x_BF_02.tif,-0.09396655857563019,18,-0.05362951010465622,21,-0.03649221360683441,124,-0.04523833841085434,124,-0.11567466706037521,83,-0.22748517990112305,266,-0.3201931416988373,283,-0.5051720142364502,75,-0.5508604049682617,120,120.0,-0.5255355834960938
002_02,6,002 MM V8_01.vsi - 20x_BF_02.tif,002_LPS_F9_094135_202205.vsi - 40x_BF_02.tif,-0.09253603219985962,24,-0.05630427598953247,29,-0.05290677770972252,36,-0.09216580539941788,36,-0.22757083177566528,108,-0.3827761113643646,28,-0.48014649748802185,28,-0.5844019651412964,288,-0.6495135426521301,28,28.0,-0.6729558706283569
002_02,7,002_LPS_F9_094135_202205.vsi - 40x_BF_02.tif,002 HE R11_2.vsi - 20x_02.tif,-0.1050427258014679,87,-0.0670076459646225,87,-0.0644088163971901,87,-0.1302478015422821,88,-0.29149818420410156,88,-0.4441293179988861,91,-0.5673921704292297,91,-0.6741350889205933,86,-0.7234822511672974,91,91.0,-0.7250882387161255
002_02,8,002 HE R11_2.vsi - 20x_02.tif,002 HE R21_2.vsi - 20x_02.tif,-0.11931729316711426,33,-0.08615214377641678,35,-0.08995228260755539,189,-0.18366682529449463,201,-0.3887324333190918,205,-0.5765094757080078,204,-0.6932939291000366,187,-0.8310011625289917,201,-0.8403569459915161,187,187.0,-0.8214305639266968
048_04,1,048 HE R1_1.vsi - 20x_04.tif,048_ST_V10A20_009_4_04.tif,-0.13087883591651917,237,-0.09519227594137192,237,-0.12074579298496246,237,-0.2335149496793747,237,-0.45069387555122375,237,-0.6144548058509827,237,-0.7317179441452026,237,-0.8299930691719055,238,-0.8755512237548828,237,237.0,-0.8521223068237305
048_04,2,048_ST_V10A20_009_4_04.tif,048_MP_F3.vsi - old_05 - 20x_BF_04.tif,-0.10046253353357315,253,-0.05339086800813675,255,-0.03498072549700737,48,-0.08031468093395233,50,-0.2551756799221039,40,-0.4369557797908783,50,-0.5572222471237183,50,-0.704227089881897,258,-0.7546733021736145,288,289.0,-0.7387520670890808
048_04,3,048_MP_F3.vsi - old_05 - 20x_BF_04.tif,048 M+ V6 HES.vsi - 20x_BF_04.tif,-0.096620574593544,334,-0.05119768902659416,322,-0.03644416481256485,215,-0.08649998903274536,216,-0.25383448600769043,122,-0.438868910074234,347,-0.5622022151947021,165,-0.7060655355453491,159,-0.7640019655227661,165,165.0,-0.7520577311515808
048_04,4,048 M+ V6 HES.vsi - 20x_BF_04.tif,048 M- V7 HES.vsi - 20x_BF_04.tif,-0.1460699439048767,7,-0.1330144852399826,7,-0.18795442581176758,7,-0.30616462230682373,7,-0.513765811920166,7,-0.6683673858642578,7,-0.7635210752487183,7,-0.8318309187889099,7,-0.8818052411079407,7,7.0,-0.8667755722999573
048_04,5,048 M- V7 HES.vsi - 20x_BF_04.tif,048 MM V8_01.vsi - 20x_BF_04.tif,-0.0976969450712204,20,-0.052908025681972504,20,-0.029457975178956985,245,-0.052610352635383606,237,-0.1873413622379303,229,-0.34130898118019104,229,-0.45861080288887024,61,-0.6127360463142395,229,-0.6698009967803955,20,20.0,-0.6562991142272949
048_04,6,048 MM V8_01.vsi - 20x_BF_04.tif,048_LPS_F9_095142_202205.vsi - 40x_BF_04.tif,-0.09886789321899414,213,-0.05797493830323219,211,-0.03686726465821266,161,-0.05583517253398895,162,-0.15052953362464905,161,-0.2843792736530304,339,-0.3766273558139801,55,-0.5106236338615417,205,-0.5869091153144836,81,81.0,-0.5724394917488098
048_04,7,048_LPS_F9_095142_202205.vsi - 40x_BF_04.tif,048_LTA_F10_100505_202205.vsi - 40x_BF_04.tif,-0.1058693677186966,123,-0.06344422698020935,123,-0.051286980509757996,284,-0.08314212411642075,285,-0.19515658915042877,120,-0.3262498378753662,121,-0.42720118165016174,121,-0.5326849222183228,120,-0.6059477925300598,120,120.0,-0.596774160861969
048_04,8,048_LTA_F10_100505_202205.vsi - 40x_BF_04.tif,048 HE R11_1.vsi - 20x_04.tif,-0.10247659683227539,260,-0.0592346228659153,117,-0.04978679493069649,115,-0.09478707611560822,101,-0.2350892871618271,101,-0.41821181774139404,267,-0.5197336077690125,266,-0.6543100476264954,267,-0.7111647725105286,267,267.0,-0.7115018367767334
048_04,9,048 HE R11_1.vsi - 20x_04.tif,048 HE R21_1.vsi - 20x_04.tif,-0.11700449883937836,308,-0.07302341610193253,308,-0.07618606835603714,309,-0.15661969780921936,224,-0.35201022028923035,316,-0.5251653790473938,139,-0.6359594464302063,316,-0.7690421938896179,137,-0.8190840482711792,316,316.0,-0.7870596647262573
045_02,1,045 HE R1_1.vsi - 20x_02.tif,045_ST_V10A20_008_2_02.tif,-0.1306537389755249,105,-0.09414056688547134,105,-0.10516738891601562,107,-0.2073739767074585,106,-0.4126511514186859,106,-0.5533918142318726,106,-0.6572335958480835,106,-0.7357305884361267,105,-0.7986090183258057,105,105.0,-0.778050422668457
045_02,2,045_ST_V10A20_008_2_02.tif,045_MP_F3.vsi - 20x_BF_02.tif,-0.11748237162828445,272,-0.07814901322126389,270,-0.07196085155010223,272,-0.12818288803100586,272,-0.2845778465270996,272,-0.4267069399356842,272,-0.5199674963951111,272,-0.6471866965293884,271,-0.7046360373497009,272,272.0,-0.6986101865768433
045_02,3,045_MP_F3.vsi - 20x_BF_02.tif,045 M+ V6 HES.vsi - 20x_BF_02.tif,-0.11410216242074966,268,-0.07263922691345215,268,-0.050986479967832565,240,-0.07491175830364227,254,-0.18978729844093323,279,-0.31164732575416565,241,-0.4129399061203003,241,-0.5353587865829468,246,-0.6267433166503906,246,246.0,-0.6034496426582336
045_02,4,045 M+ V6 HES.vsi - 20x_BF_02.tif,045 M- V7 HES.vsi - 20x_BF_02.tif,-0.17009347677230835,318,-0.1582067757844925,318,-0.21212047338485718,318,-0.3389262557029724,318,-0.5190848708152771,318,-0.6364324688911438,318,-0.7117159962654114,318,-0.8020905256271362,318,-0.8352689146995544,318,318.0,-0.8203401565551758
045_02,5,045 M- V7 HES.vsi - 20x_BF_02.tif,045 MM V8_01.vsi - 20x_BF_02.tif,-0.10421603918075562,6,-0.06718236953020096,10,-0.04701295122504234,8,-0.05436595901846886,10,-0.12891466915607452,9,-0.26383841037750244,7,-0.3534509241580963,7,-0.5036834478378296,7,-0.5667167901992798,6,6.0,-0.5632234811782837
045_02,6,045 MM V8_01.vsi - 20x_BF_02.tif,045_LPS_F9_094555_202205.vsi - 40x_BF_02.tif,-0.10385607928037643,300,-0.06888410449028015,300,-0.05205123871564865,301,-0.06446554511785507,301,-0.14484798908233643,319,-0.24385161697864532,316,-0.32345351576805115,316,-0.4188598692417145,147,-0.5014363527297974,316,316.0,-0.5400683879852295
045_02,7,045_LPS_F9_094555_202205.vsi - 40x_BF_02.tif,045_LTA_F10_100028_202205.vsi - 40x_BF_02.tif,-0.11424395442008972,255,-0.08444968611001968,255,-0.07537268102169037,255,-0.09806621819734573,256,-0.18745772540569305,256,-0.27015671133995056,256,-0.3584388792514801,256,-0.41847220063209534,257,-0.51548832654953,256,256.0,-0.5552640557289124
045_02,8,045_LTA_F10_100028_202205.vsi - 40x_BF_02.tif,045 HE R11_1.vsi - 20x_02.tif,-0.11382528394460678,251,-0.07595038414001465,337,-0.06465977430343628,246,-0.10141748189926147,246,-0.22996321320533752,246,-0.37221166491508484,246,-0.45582258701324463,246,-0.5263770222663879,246,-0.6045331954956055,246,246.0,-0.619017481803894
045_02,9,045 HE R11_1.vsi - 20x_02.tif,045 HE R21_1.vsi - 20x_02.tif,-0.12482601404190063,325,-0.0895126685500145,200,-0.09325812011957169,197,-0.16090604662895203,197,-0.3212248682975769,194,-0.44946566224098206,344,-0.5438401699066162,359,-0.6180651187896729,199,-0.7042267918586731,336,336.0,-0.6909022331237793
004_04,1,004 HE R1_4.vsi - 20x_04.tif,004_ST_V19S23_108_4_04.tif,-0.14569556713104248,356,-0.11180704087018967,355,-0.11731519550085068,355,-0.1916758418083191,354,-0.3580443859100342,354,-0.48911285400390625,354,-0.5977636575698853,354,-0.7051675915718079,354,-0.7678841948509216,354,354.0,-0.7236019372940063
004_04,2,004_ST_V19S23_108_4_04.tif,004_MP_F3.vsi - 20x_BF_04.tif,-0.11585773527622223,85,-0.07584760338068008,71,-0.05794522538781166,178,-0.0740983858704567,261,-0.1730920523405075,94,-0.2969761788845062,5,-0.3989672064781189,5,-0.5374169945716858,177,-0.6045325398445129,4,4.0,-0.565826416015625
004_04,3,004_MP_F3.vsi - 20x_BF_04.tif,004 M+ V6 HES.vsi - 20x_BF_04.tif,-0.11838674545288086,144,-0.0809321179986,144,-0.062158890068531036,144,-0.10020282864570618,204,-0.24625717103481293,205,-0.3935888707637787,285,-0.5061839818954468,212,-0.6240714192390442,301,-0.6940373182296753,219,219.0,-0.6851204633712769
004_04,4,004 M+ V6 HES.vsi - 20x_BF_04.tif,004 M- V7 HES.vsi - 20x_BF_04.tif,-0.1297769546508789,68,-0.09919528663158417,68,-0.10537608712911606,68,-0.17981941998004913,68,-0.3365355134010315,68,-0.48054394125938416,68,-0.572509765625,68,-0.6964141726493835,68,-0.7522855997085571,68,68.0,-0.735528290271759
004_04,5,004 M- V7 HES.vsi - 20x_BF_04.tif,004 MM V8_01.vsi - 20x_BF_04.tif,-0.09283019602298737,16,-0.06104669347405434,16,-0.047789447009563446,11,-0.06558778136968613,11,-0.16415955126285553,215,-0.3293197751045227,215,-0.4192711412906647,215,-0.5977233052253723,215,-0.62898188829422,215,215.0,-0.6595880389213562
004_04,6,004 MM V8_01.vsi - 20x_BF_04.tif,004_LPS_F9_094427_202205.vsi - 40x_BF_04.tif,-0.09043586254119873,236,-0.05935155600309372,236,-0.04444080963730812,235,-0.057619333267211914,295,-0.14198879897594452,103,-0.2579537630081177,306,-0.35387399792671204,58,-0.47296372056007385,261,-0.5434632897377014,250,250.0,-0.5820745229721069
004_04,7,004_LPS_F9_094427_202205.vsi - 40x_BF_04.tif,004_LTA_F10_095800_202205.vsi - old_05 40x_BF_04.tif,-0.11083799600601196,1,-0.08729539811611176,1,-0.08255825936794281,1,-0.11775889247655869,1,-0.21763232350349426,1,-0.323395311832428,356,-0.382872611284256,344,-0.5329392552375793,1,-0.5420721173286438,1,1.0,-0.5552047491073608
004_04,8,004_LTA_F10_095800_202205.vsi - old_05 40x_BF_04.tif,004 HE R11_4.vsi - 20x_04.tif,-0.1143345981836319,105,-0.0782007947564125,105,-0.06082050874829292,179,-0.07989552617073059,138,-0.1701204627752304,137,-0.26910722255706787,47,-0.34977400302886963,133,-0.46427270770072937,132,-0.511085569858551,132,133.0,-0.5027354955673218
004_04,9,004 HE R11_4.vsi - 20x_04.tif,004 HE R21_4.vsi - 20x_04.tif,-0.13851307332515717,88,-0.09815404564142227,89,-0.09721099585294724,95,-0.1566626876592636,95,-0.3175660967826843,90,-0.4057389795780182,82,-0.5167253613471985,95,-0.615909993648529,95,-0.6837822198867798,82,82.0,-0.6438841819763184
045_03,1,045 HE R1_1.vsi - 20x_03.tif,045_ST_V10A20_008_3_03.tif,-0.15093806385993958,20,-0.10724461078643799,20,-0.10189536213874817,20,-0.1696118265390396,19,-0.3376937806606293,19,-0.4968840777873993,19,-0.6010140180587769,19,-0.697571873664856,19,-0.7622106671333313,19,19.0,-0.7331157326698303
045_03,2,045_ST_V10A20_008_3_03.tif,045_MP_F3.vsi - old_04 - 20x_BF_03.tif,-0.11929641664028168,126,-0.06948456913232803,273,-0.04051240533590317,170,-0.05510612949728966,121,-0.17881658673286438,121,-0.3294142484664917,121,-0.43517443537712097,120,-0.5883699059486389,122,-0.6467354893684387,121,121.0,-0.621190071105957
045_03,3,045_MP_F3.vsi - old_04 - 20x_BF_03.tif,045 M+ V6 HES.vsi - 20x_BF_03.tif,-0.11453639715909958,187,-0.06705708056688309,145,-0.04391827806830406,145,-0.07363012433052063,143,-0.22622133791446686,121,-0.3851080536842346,339,-0.500058114528656,190,-0.6441221237182617,47,-0.7103791236877441,189,189.0,-0.7005635499954224
045_03,4,045 M+ V6 HES.vsi - 20x_BF_03.tif,045 M- V7 HES.vsi - 20x_BF_03.tif,-0.17552107572555542,316,-0.161641925573349,316,-0.21006321907043457,316,-0.3416648209095001,316,-0.5436956882476807,316,-0.6671072840690613,316,-0.7606368660926819,316,-0.8234506249427795,316,-0.8723404407501221,316,316.0,-0.8562889099121094
045_03,5,045 M- V7 HES.vsi - 20x_BF_03.tif,045 MM V8_01.vsi - 20x_BF_03.tif,-0.09976961463689804,45,-0.06068729981780052,46,-0.03941502794623375,47,-0.04813609644770622,47,-0.14113177359104156,47,-0.26715603470802307,47,-0.37304967641830444,47,-0.5382667183876038,46,-0.594491720199585,47,47.0,-0.587857186794281
045_03,6,045 MM V8_01.vsi - 20x_BF_03.tif,045_LPS_F9_094555_202205.vsi - 40x_BF_03.tif,-0.10730548202991486,341,-0.0617961548268795,341,-0.0413612499833107,248,-0.05754893273115158,248,-0.15313488245010376,110,-0.253153532743454,278,-0.3261198103427887,274,-0.42824283242225647,274,-0.48106256127357483,131,131.0,-0.48244357109069824
045_03,7,045_LPS_F9_094555_202205.vsi - 40x_BF_03.tif,045_LTA_F10_100028_202205.vsi - 40x_BF_03.tif,-0.14984963834285736,45,-0.12574990093708038,45,-0.14051146805286407,45,-0.22026747465133667,45,-0.38287314772605896,44,-0.4838903248310089,44,-0.5499812960624695,44,-0.6108472347259521,43,-0.6677306294441223,44,44.0,-0.6819901466369629
045_03,8,045_LTA_F10_100028_202205.vsi - 40x_BF_03.tif,045 HE R11_1.vsi - 20x_03.tif,-0.12632377445697784,88,-0.07887637615203857,88,-0.07598163187503815,44,-0.1517402082681656,88,-0.34689849615097046,88,-0.4884749948978424,88,-0.6091175675392151,88,-0.7127431035041809,88,-0.7711696624755859,88,88.0,-0.7589393854141235
045_03,9,045 HE R11_1.vsi - 20x_03.tif,045 HE R21_1.vsi - 20x_03.tif,-0.14049597084522247,168,-0.0983249619603157,168,-0.11045891791582108,6,-0.1957932859659195,5,-0.3893517851829529,5,-0.5141581296920776,165,-0.6334408521652222,338,-0.7368914484977722,4,-0.7945023775100708,5,165.0,-0.7731029391288757
048_02,1,048 HE R1_1.vsi - 20x_02.tif,048_ST_V10A20_009_2_02.tif,-0.20893234014511108,238,-0.2096310704946518,238,-0.2732897698879242,238,-0.3970942497253418,238,-0.5689797401428223,238,-0.6956243515014648,238,-0.7503865361213684,238,-0.7958457469940186,238,-0.8478129506111145,238,238.0,-0.8354408740997314
048_02,2,048_ST_V10A20_009_2_02.tif,048_MP_F3.vsi - 20x_BF_02.tif,-0.118944451212883,198,-0.07773672789335251,199,-0.06211670860648155,199,-0.09137255698442459,199,-0.21763525903224945,199,-0.3483896553516388,199,-0.4443154036998749,199,-0.5772975087165833,199,-0.6360797882080078,199,199.0,-0.6165280342102051
048_02,3,048_MP_F3.vsi - 20x_BF_02.tif,048 M+ V6 HES.vsi - 20x_BF_02.tif,-0.11479108780622482,281,-0.0739496722817421,281,-0.04737984389066696,278,-0.05964045599102974,278,-0.15561224520206451,132,-0.2669295370578766,277,-0.3538191020488739,277,-0.47272178530693054,338,-0.5602381825447083,278,277.0,-0.5312681198120117
048_02,4,048 M+ V6 HES.vsi - 20x_BF_02.tif,048 M- V7 HES.vsi - 20x_BF_02.tif,-0.16930770874023438,33,-0.15109378099441528,33,-0.1917409598827362,33,-0.30762749910354614,34,-0.4720660448074341,34,-0.586089015007019,34,-0.653210461139679,34,-0.7178788781166077,34,-0.7769799828529358,34,34.0,-0.7571042776107788
048_02,5,048 M- V7 HES.vsi - 20x_BF_02.tif,048 MM V8_01.vsi - 20x_BF_02.tif,-0.10453331470489502,39,-0.06592468917369843,39,-0.03782162070274353,203,-0.02867821790277958,249,-0.08323334157466888,199,-0.1777726709842682,198,-0.2575741410255432,199,-0.41938287019729614,198,-0.4740416705608368,198,198.0,-0.464077889919281
048_02,6,048 MM V8_01.vsi - 20x_BF_02.tif,048_LPS_F9_095142_202205.vsi - 40x_BF_02.tif,-0.10118748247623444,298,-0.06465624272823334,300,-0.05315740406513214,300,-0.07314813882112503,300,-0.18201041221618652,307,-0.28705161809921265,299,-0.3829542100429535,308,-0.47201550006866455,299,-0.5591607689857483,299,299.0,-0.5997271537780762
048_02,7,048_LPS_F9_095142_202205.vsi - 40x_BF_02.tif,048_LTA_F10_100505_202205.vsi - 40x_BF_02.tif,-0.11205510795116425,150,-0.09103503823280334,150,-0.1039552167057991,150,-0.18061216175556183,150,-0.3214077353477478,152,-0.4490746557712555,151,-0.540479302406311,152,-0.5970750451087952,150,-0.6613161563873291,151,151.0,-0.691551923751831
048_02,8,048_LTA_F10_100505_202205.vsi - 40x_BF_02.tif,048 HE R11_1.vsi - 20x_02.tif,-0.11070065945386887,27,-0.07143709063529968,27,-0.05897126719355583,27,-0.10072331130504608,27,-0.23278851807117462,32,-0.35668352246284485,29,-0.446934312582016,30,-0.5818621516227722,28,-0.6399476528167725,30,30.0,-0.643822193145752
048_02,9,048 HE R11_1.vsi - 20x_02.tif,048 HE R21_1.vsi - 20x_02.tif,-0.1308424472808838,153,-0.09591977298259735,153,-0.09774094820022583,158,-0.16282862424850464,173,-0.31290802359580994,174,-0.4246392846107483,174,-0.5071924328804016,241,-0.5779187083244324,192,-0.6422449946403503,193,193.0,-0.6207858324050903
047_04,1,047 HE R1_1.vsi - 20x_04.tif,047_ST_V10A20_007_4_04.tif,-0.14683064818382263,317,-0.10474736243486404,314,-0.09560752660036087,315,-0.1509166657924652,316,-0.30816492438316345,315,-0.4386807680130005,316,-0.5318082571029663,315,-0.6463869214057922,315,-0.7048341035842896,316,316.0,-0.678817868232727
047_04,2,047_ST_V10A20_007_4_04.tif,047_MP_F3.vsi - old_05 - 20x_BF_04.tif,-0.13132643699645996,354,-0.08598706871271133,354,-0.060326848179101944,355,-0.06522266566753387,354,-0.1591467410326004,354,-0.2772029936313629,351,-0.37268105149269104,353,-0.5105813145637512,354,-0.5843561291694641,354,354.0,-0.5558099746704102
047_04,3,047_MP_F3.vsi - old_05 - 20x_BF_04.tif,047 M+ V6 HES.vsi - 20x_BF_04.tif,-0.12236972153186798,103,-0.07642427831888199,217,-0.05232687294483185,239,-0.07277603447437286,238,-0.19735781848430634,238,-0.3312033712863922,237,-0.4279826581478119,236,-0.5335031747817993,108,-0.6123625636100769,236,236.0,-0.6069369912147522
047_04,4,047 M+ V6 HES.vsi - 20x_BF_04.tif,047 M- V7 HES.vsi - 20x_BF_04.tif,-0.15020465850830078,264,-0.11537960171699524,267,-0.11503593623638153,266,-0.18420954048633575,265,-0.33372730016708374,265,-0.47478166222572327,265,-0.5680601596832275,265,-0.6338359713554382,266,-0.7234155535697937,265,265.0,-0.7012805938720703
047_04,5,047 M- V7 HES.vsi - 20x_BF_04.tif,047 MM V8.vsi - 20x_BF_04.tif,-0.13586685061454773,294,-0.09234827011823654,296,-0.0678626149892807,284,-0.09739519655704498,174,-0.22641584277153015,159,-0.3805181086063385,246,-0.4787938594818115,188,-0.6010693311691284,289,-0.6732350587844849,289,289.0,-0.663622260093689
047_04,6,047 MM V8.vsi - 20x_BF_04.tif,047_LPS_F9_095009_202205.vsi - 40x_BF_04.tif,-0.13699491322040558,145,-0.09863193333148956,145,-0.08391851931810379,145,-0.11641854792833328,145,-0.23444320261478424,145,-0.3458084166049957,145,-0.4217132031917572,145,-0.4651671051979065,145,-0.5517312288284302,145,145.0,-0.5647335052490234
047_04,7,047_LPS_F9_095009_202205.vsi - 40x_BF_04.tif,047_LTA_F10_100334_202205.vsi - 40x_BF_04.tif,-0.17459921538829803,42,-0.16268505156040192,42,-0.18332256376743317,42,-0.24191485345363617,42,-0.3632039725780487,42,-0.42945992946624756,42,-0.5162046551704407,42,-0.5959077477455139,42,-0.6457772850990295,42,42.0,-0.6667285561561584
047_04,8,047_LTA_F10_100334_202205.vsi - 40x_BF_04.tif,047 HE R11_1.vsi - 20x_04.tif,-0.1310296356678009,217,-0.08582595735788345,216,-0.0634431391954422,220,-0.09744895249605179,222,-0.20855481922626495,227,-0.34578853845596313,226,-0.42432817816734314,225,-0.5247743129730225,227,-0.5909293293952942,226,227.0,-0.5800867080688477
047_04,9,047 HE R11_1.vsi - 20x_04.tif,047 HE R21_1.vsi - 20x_04.tif,-0.14823919534683228,325,-0.10448694229125977,326,-0.09344194829463959,326,-0.13758035004138947,325,-0.26305675506591797,325,-0.37228289246559143,325,-0.4779357314109802,322,-0.5508804321289062,80,-0.6523226499557495,310,310.0,-0.6093668341636658
048_03,1,048 HE R1_1.vsi - 20x_03.tif,048_ST_V10A20_009_3_03.tif,-0.14345495402812958,98,-0.1223478689789772,98,-0.1611991971731186,98,-0.26605623960494995,98,-0.4581100046634674,98,-0.6122959852218628,98,-0.7210600972175598,74,-0.8519729971885681,98,-0.8686478137969971,98,98.0,-0.8434426784515381
048_03,2,048_ST_V10A20_009_3_03.tif,048_MP_F3.vsi - old_04 - 20x_BF_03.tif,-0.10797755420207977,75,-0.06839939951896667,150,-0.052142828702926636,151,-0.0898536890745163,147,-0.2416953146457672,71,-0.41895854473114014,71,-0.5332072377204895,71,-0.6695449948310852,72,-0.7298802137374878,71,71.0,-0.707726001739502
048_03,3,048_MP_F3.vsi - old_04 - 20x_BF_03.tif,048 M+ V6 HES.vsi - 20x_BF_03.tif,-0.10927127301692963,280,-0.07123467326164246,279,-0.05749392509460449,280,-0.09801481664180756,258,-0.27463555335998535,258,-0.4365546405315399,116,-0.5493364334106445,258,-0.7018458247184753,1,-0.7508680820465088,8,8.0,-0.732603907585144
048_03,4,048 M+ V6 HES.vsi - 20x_BF_03.tif,048 M- V7 HES.vsi - 20x_BF_03.tif,-0.12370394170284271,190,-0.10196764767169952,190,-0.1184529960155487,190,-0.17280372977256775,190,-0.2883959114551544,190,-0.3830360770225525,192,-0.42547178268432617,190,-0.43803849816322327,7,-0.5183679461479187,7,7.0,-0.46520841121673584
048_03,5,048 M- V7 HES.vsi - 20x_BF_03.tif,048 MM V8_01.vsi - 20x_BF_03.tif,-0.09552355855703354,96,-0.06920669227838516,130,-0.05311974138021469,122,-0.04373283311724663,123,-0.08309029042720795,322,-0.14525280892848969,156,-0.19867128133773804,160,-0.23002099990844727,258,-0.3084595203399658,259,259.0,-0.2189674973487854
048_03,6,048 MM V8_01.vsi - 20x_BF_03.tif,048_LPS_F9_095142_202205.vsi - 40x_BF_03.tif,-0.10163722932338715,20,-0.06559959053993225,20,-0.0476343110203743,6,-0.07413959503173828,12,-0.19578324258327484,193,-0.33200427889823914,75,-0.42061737179756165,344,-0.5094633102416992,60,-0.5862014889717102,240,333.0,-0.5843416452407837
048_03,7,048_LPS_F9_095142_202205.vsi - 40x_BF_03.tif,048_LTA_F10_100505_202205.vsi - 40x_BF_03.tif,-0.10629738867282867,58,-0.07350998371839523,63,-0.0751952975988388,62,-0.13473999500274658,62,-0.264943391084671,61,-0.36736810207366943,94,-0.4452410042285919,308,-0.5421879887580872,58,-0.6079785227775574,327,327.0,-0.6091679334640503
048_03,8,048_LTA_F10_100505_202205.vsi - 40x_BF_03.tif,048 HE R11_1.vsi - 20x_03.tif,-0.10797850787639618,290,-0.07063132524490356,66,-0.057847440242767334,283,-0.0985618531703949,290,-0.24588418006896973,69,-0.3936610817909241,70,-0.4946794807910919,69,-0.6152494549751282,70,-0.689806342124939,69,69.0,-0.6799746751785278
048_03,9,048 HE R11_1.vsi - 20x_03.tif,048 HE R21_1.vsi - 20x_03.tif,-0.13387662172317505,343,-0.10766172409057617,338,-0.14161714911460876,343,-0.2596522569656372,176,-0.5060728788375854,342,-0.68909752368927,343,-0.7925028800964355,343,-0.8719469904899597,343,-0.9060923457145691,343,343.0,-0.891709566116333
001_02,1,001 HE R1_2.vsi - 20x_02.tif,001_ST_V19S23_106_2_02.tif,-0.1520974040031433,354,-0.12396709620952606,355,-0.14508920907974243,355,-0.2290821075439453,354,-0.38419392704963684,355,-0.5055512189865112,355,-0.6027727127075195,355,-0.6875886917114258,355,-0.7665629982948303,355,355.0,-0.7161588072776794
001_02,2,001_ST_V19S23_106_2_02.tif,001_MP_F3.vsi - 20x_BF_02.tif,-0.11533696204423904,302,-0.07352038472890854,302,-0.06316304951906204,302,-0.09493766725063324,306,-0.2083740085363388,90,-0.3414722979068756,91,-0.444191575050354,86,-0.5678244829177856,86,-0.6455463767051697,86,86.0,-0.5944309830665588
001_02,3,001_MP_F3.vsi - 20x_BF_02.tif,001 M+ V6 HES.vsi - 20x_BF_02.tif,-0.11952951550483704,302,-0.08162866532802582,300,-0.08076173067092896,301,-0.13896119594573975,301,-0.3061580955982208,304,-0.45589479804039,302,-0.5466317534446716,303,-0.6348204612731934,202,-0.6989433169364929,201,201.0,-0.6846402883529663
001_02,4,001 M+ V6 HES.vsi - 20x_BF_02.tif,001 M- V7 HES.vsi - 20x_BF_02.tif,-0.1262744665145874,347,-0.09213993698358536,347,-0.10110509395599365,348,-0.17661453783512115,348,-0.3162153363227844,348,-0.4337218701839447,345,-0.5134643316268921,344,-0.5467345118522644,349,-0.6457269787788391,348,348.0,-0.6364175081253052
001_02,5,001 M- V7 HES.vsi - 20x_BF_02.tif,001  MM V8.vsi - 20x_BF_02.tif,-0.09798264503479004,338,-0.06297256797552109,237,-0.05200709402561188,239,-0.0689741000533104,239,-0.1551109403371811,239,-0.2330613136291504,244,-0.30937081575393677,242,-0.35058173537254333,241,-0.4421827495098114,241,241.0,-0.42061638832092285
001_02,6,001  MM V8.vsi - 20x_BF_02.tif,001_LPS_F9_094012_202205.vsi - 40x_BF_02.tif,-0.10849937796592712,306,-0.07759426534175873,306,-0.0763494074344635,306,-0.12752991914749146,307,-0.28774091601371765,305,-0.4330768287181854,306,-0.5417312383651733,305,-0.6107567548751831,306,-0.681469738483429,305,305.0,-0.7159263491630554
001_02,7,001_LPS_F9_094012_202205.vsi - 40x_BF_02.tif,001_LTA_F10_095324_202205.vsi - 40x_BF_02.tif,-0.10530339181423187,19,-0.07701350748538971,19,-0.08483884483575821,20,-0.14903217554092407,20,-0.3175310790538788,20,-0.4557039439678192,20,-0.5391435623168945,20,-0.6593126654624939,20,-0.7046583890914917,20,20.0,-0.7296159863471985
001_02,8,001_LTA_F10_095324_202205.vsi - 40x_BF_02.tif,001 HE R11_2.vsi - 20x_02.tif,-0.11366009712219238,128,-0.07992956042289734,127,-0.07818308472633362,128,-0.1072826012969017,127,-0.21838657557964325,334,-0.32201138138771057,127,-0.3910483121871948,318,-0.5422759652137756,126,-0.5882108211517334,126,126.0,-0.5616721510887146
001_02,9,001 HE R11_2.vsi - 20x_02.tif,001 HE R21_2.vsi - 20x_02.tif,-0.1354546844959259,325,-0.09884490817785263,324,-0.09097425639629364,320,-0.13894131779670715,323,-0.27498409152030945,37,-0.3870779871940613,331,-0.4872206747531891,331,-0.5746731162071228,38,-0.6780766248703003,334,334.0,-0.6425769329071045
045_04,1,045 HE R1_1.vsi - 20x_04.tif,045_ST_V10A20_008_4_04.tif,-0.1432877629995346,167,-0.11544963717460632,167,-0.1506965011358261,167,-0.268044650554657,167,-0.4623696208000183,166,-0.6184287071228027,167,-0.7023811340332031,166,-0.796558141708374,166,-0.8441643118858337,166,166.0,-0.8120837211608887
045_04,2,045_ST_V10A20_008_4_04.tif,045_MP_F3.vsi - old_05 - 20x_BF_04.tif,-0.11437570303678513,3,-0.07289357483386993,3,-0.054409198462963104,3,-0.09347708523273468,3,-0.23897770047187805,4,-0.4027334749698639,4,-0.4986357092857361,4,-0.6342371106147766,4,-0.6971137523651123,4,4.0,-0.6588836908340454
045_04,3,045_MP_F3.vsi - old_05 - 20x_BF_04.tif,045 M+ V6 HES.vsi - 20x_BF_04.tif,-0.12036576122045517,89,-0.07483207434415817,89,-0.05616718903183937,88,-0.11205224692821503,88,-0.29188066720962524,89,-0.47659704089164734,89,-0.5799926519393921,89,-0.6959442496299744,90,-0.7570318579673767,90,89.0,-0.7358377575874329
045_04,4,045 M+ V6 HES.vsi - 20x_BF_04.tif,045 M- V7 HES.vsi - 20x_BF_04.tif,-0.18555422127246857,259,-0.1833297610282898,259,-0.22667764127254486,259,-0.32659295201301575,259,-0.5020221471786499,259,-0.6350656151771545,259,-0.7006887793540955,259,-0.7774048447608948,259,-0.8251025080680847,259,259.0,-0.8041560649871826
045_04,5,045 M- V7 HES.vsi - 20x_BF_04.tif,045 MM V8_01.vsi - 20x_BF_04.tif,-0.12373842298984528,216,-0.07801371067762375,216,-0.05521922558546066,358,-0.08439215272665024,217,-0.21656465530395508,217,-0.36698833107948303,217,-0.45439380407333374,217,-0.5836930871009827,217,-0.6547241806983948,217,217.0,-0.6340937614440918
045_04,6,045 MM V8_01.vsi - 20x_BF_04.tif,045_LPS_F9_094555_202205.vsi - 40x_BF_04.tif,-0.11095696687698364,77,-0.06994041800498962,77,-0.060670360922813416,22,-0.11017880588769913,77,-0.24774372577667236,77,-0.3888375461101532,77,-0.4836629331111908,81,-0.6013709306716919,80,-0.6751917600631714,80,80.0,-0.6724977493286133
045_04,7,045_LPS_F9_094555_202205.vsi - 40x_BF_04.tif,045_LTA_F10_100028_202205.vsi - 40x_BF_04.tif,-0.10602188110351562,230,-0.0808095782995224,230,-0.09210876375436783,230,-0.17877312004566193,230,-0.3409920334815979,230,-0.46444469690322876,230,-0.5652936100959778,230,-0.6609638929367065,230,-0.716206431388855,230,230.0,-0.7192418575286865
045_04,8,045_LTA_F10_100028_202205.vsi - 40x_BF_04.tif,045 HE R11_1.vsi - 20x_04.tif,-0.1092115044593811,172,-0.07096635550260544,4,-0.06062851473689079,313,-0.11292929947376251,312,-0.2578347623348236,312,-0.4061988294124603,311,-0.5181399583816528,312,-0.6485609412193298,311,-0.7214177250862122,311,311.0,-0.7104535698890686
003_04,1,003 HE R1_4.vsi - 20x_04.tif,003_ST_V19S23_107_4_04.tif,-0.13021332025527954,17,-0.097671739757061,18,-0.09611162543296814,17,-0.13802361488342285,17,-0.25301793217658997,14,-0.3720783293247223,17,-0.4508776068687439,17,-0.44590988755226135,13,-0.5937160849571228,15,15.0,-0.5982959270477295
003_04,2,003_ST_V19S23_107_4_04.tif,003_MP_F3.vsi - 20x_BF_04.tif,-0.11567741632461548,84,-0.08520239591598511,86,-0.08162588626146317,86,-0.12231525033712387,85,-0.23833973705768585,86,-0.35993656516075134,80,-0.4188656508922577,88,-0.4922352433204651,81,-0.5698422193527222,85,85.0,-0.6027296781539917
003_04,3,003_MP_F3.vsi - 20x_BF_04.tif,003 M+ V6 HES.vsi - 20x_BF_04.tif,-0.10556583106517792,127,-0.0724678784608841,148,-0.05506454035639763,277,-0.06662667542695999,235,-0.14844562113285065,236,-0.22047841548919678,236,-0.27503156661987305,237,-0.35598400235176086,236,-0.4380955100059509,235,235.0,-0.44031572341918945
003_04,4,003 M+ V6 HES.vsi - 20x_BF_04.tif,003 M- V7 HES.vsi - 20x_BF_04.tif,-0.13477805256843567,19,-0.09468722343444824,21,-0.08208725601434708,21,-0.10366944223642349,21,-0.17818328738212585,112,-0.2579311728477478,108,-0.3288978636264801,109,-0.39531072974205017,102,-0.46470192074775696,107,107.0,-0.4428204298019409
003_04,5,003 M- V7 HES.vsi - 20x_BF_04.tif,003 MM V8_01.vsi - 20x_BF_04.tif,-0.1191449984908104,15,-0.08688750863075256,14,-0.08067867904901505,14,-0.11058814078569412,14,-0.19338898360729218,188,-0.2765955328941345,188,-0.37230581045150757,187,-0.42966189980506897,186,-0.4932202398777008,12,12.0,-0.5279241800308228
003_04,6,003 MM V8_01.vsi - 20x_BF_04.tif,003_LPS_F9_094304_202205.vsi - 40x_BF_04.tif,-0.11201494932174683,19,-0.07774895429611206,13,-0.06418492645025253,13,-0.09207906574010849,14,-0.20596012473106384,14,-0.32865968346595764,12,-0.41349416971206665,13,-0.4701147675514221,20,-0.5578351616859436,13,13.0,-0.5975089073181152
003_04,7,003_LPS_F9_094304_202205.vsi - 40x_BF_04.tif,003_LTA_F10_095615_202205.vsi - 40x_BF_04.tif,-0.09962688386440277,312,-0.07121136039495468,312,-0.06906558573246002,312,-0.09881165623664856,312,-0.1999569684267044,311,-0.2586679756641388,313,-0.3250081539154053,312,-0.39468976855278015,138,-0.5030210614204407,311,310.0,-0.5258738994598389
003_04,8,003_LTA_F10_095615_202205.vsi - 40x_BF_04.tif,003 HE R11_4.vsi - 20x_04.tif,-0.11150994151830673,113,-0.08093423396348953,113,-0.07079596817493439,113,-0.10672138631343842,114,-0.20001572370529175,117,-0.2681775689125061,116,-0.3611619472503662,116,-0.3700951635837555,108,-0.5064991116523743,116,116.0,-0.5327270030975342
003_04,9,003 HE R11_4.vsi - 20x_04.tif,003 HE R21_4.vsi - 20x_04.tif,-0.13677741587162018,349,-0.09681008756160736,349,-0.08932840079069138,307,-0.13707803189754486,319,-0.25110575556755066,317,-0.34720396995544434,317,-0.42255815863609314,317,-0.5290268063545227,340,-0.5859547853469849,166,339.0,-0.5597628355026245
002_01,1,002 HE R1_1.vsi - 20x_01.tif,002_ST_V19S23_002_1_01.tif,-0.17988421022891998,64,-0.15450888872146606,64,-0.17782634496688843,64,-0.25699514150619507,64,-0.4140452742576599,64,-0.5487498044967651,64,-0.6369847655296326,64,-0.723820149898529,64,-0.78571617603302,64,64.0,-0.7617186307907104
002_01,2,002_ST_V19S23_002_1_01.tif,002_MP_F3.vsi - old_02 - 20x_BF_01.tif,-0.12047534435987473,109,-0.07290904223918915,108,-0.03893467038869858,108,-0.048312995582818985,146,-0.15566354990005493,141,-0.2771259844303131,296,-0.37548765540122986,297,-0.49963250756263733,232,-0.5759216547012329,5,5.0,-0.5469111800193787
002_01,3,002_MP_F3.vsi - old_02 - 20x_BF_01.tif,002 M+ V6 HES.vsi - 20x_BF_01.tif,-0.11369593441486359,248,-0.06856592744588852,159,-0.042132724076509476,207,-0.053855810314416885,71,-0.15815044939517975,322,-0.28945183753967285,303,-0.3744547963142395,303,-0.5036649703979492,330,-0.5673719644546509,330,330.0,-0.5367307662963867
002_01,4,002 M+ V6 HES.vsi - 20x_BF_01.tif,002 M- V7 HES.vsi - 20x_BF_01.tif,-0.1677549183368683,308,-0.14609095454216003,308,-0.1673470139503479,308,-0.2351735383272171,308,-0.3879295885562897,308,-0.5078495144844055,308,-0.5880163908004761,308,-0.6746628880500793,308,-0.7265608310699463,307,307.0,-0.7064127922058105
002_01,5,002 M- V7 HES.vsi - 20x_BF_01.tif,002 MM V8_01.vsi - 20x_BF_01.tif,-0.11487480998039246,8,-0.07266797870397568,7,-0.04493824020028114,80,-0.054657187312841415,257,-0.15508390963077545,256,-0.27763456106185913,4,-0.3697930872440338,12,-0.49181047081947327,12,-0.5577225685119629,5,5.0,-0.5657495856285095
002_01,6,002 MM V8_01.vsi - 20x_BF_01.tif,002_LPS_F9_094135_202205.vsi - 40x_BF_01.tif,-0.11031806468963623,329,-0.07128013670444489,328,-0.04920690506696701,327,-0.06931785494089127,341,-0.1774250715970993,341,-0.2993221580982208,315,-0.3832724690437317,89,-0.437075138092041,343,-0.5196508765220642,91,91.0,-0.5394001007080078
002_01,7,002_LPS_F9_094135_202205.vsi - 40x_BF_01.tif,002_LTA_F10_095442_202205.vsi - 40x_BF_01.tif,-0.15550130605697632,48,-0.14201371371746063,48,-0.1738971620798111,47,-0.2543100118637085,47,-0.42262858152389526,48,-0.5388153195381165,47,-0.604824423789978,47,-0.6736927032470703,48,-0.7170242071151733,47,47.0,-0.7355890870094299
002_01,8,002_LTA_F10_095442_202205.vsi - 40x_BF_01.tif,002 HE R11_1.vsi - 20x_01.tif,-0.13739106059074402,104,-0.10099475085735321,104,-0.0966968685388565,104,-0.16206814348697662,104,-0.3158838152885437,104,-0.4531444013118744,104,-0.5574471354484558,104,-0.6455865502357483,104,-0.7224289178848267,104,103.0,-0.7065221071243286
002_01,9,002 HE R11_1.vsi - 20x_01.tif,002 HE R21_1.vsi - 20x_01.tif,-0.15059293806552887,164,-0.11043046414852142,164,-0.11254944652318954,143,-0.20221616327762604,339,-0.3903060853481293,330,-0.540889322757721,335,-0.6570677757263184,335,-0.7435231804847717,337,-0.8080201745033264,335,335.0,-0.7775074243545532
004_02,1,004 HE R1_2.vsi - 20x_02.tif,004_ST_V19S23_108_2_02.tif,-0.16025054454803467,14,-0.12433115392923355,13,-0.12948395311832428,3,-0.20908330380916595,4,-0.4009699523448944,4,-0.5235001444816589,3,-0.6290069222450256,4,-0.6832748651504517,9,-0.766307532787323,4,4.0,-0.7514964938163757
004_02,2,004_ST_V19S23_108_2_02.tif,004_MP_F3.vsi - 20x_BF_02.tif,-0.1250125914812088,94,-0.08212321251630783,94,-0.06984460353851318,313,-0.09742065519094467,331,-0.236258402466774,97,-0.3480447828769684,84,-0.4478311538696289,84,-0.5675930380821228,94,-0.6340941786766052,84,84.0,-0.630394697189331
004_02,3,004_MP_F3.vsi - 20x_BF_02.tif,004 M+ V6 HES.vsi - 20x_BF_02.tif,-0.12672755122184753,135,-0.08416935056447983,159,-0.06587045639753342,263,-0.09723974019289017,158,-0.2170422375202179,250,-0.32947853207588196,157,-0.4101216793060303,157,-0.501299262046814,157,-0.5801719427108765,157,157.0,-0.5823620557785034
004_02,4,004 M+ V6 HES.vsi - 20x_BF_02.tif,004 M- V7 HES.vsi - 20x_BF_02.tif,-0.13803526759147644,34,-0.1023247092962265,34,-0.09364073723554611,34,-0.13215234875679016,34,-0.23220722377300262,34,-0.37211909890174866,34,-0.4270801544189453,34,-0.5109468102455139,34,-0.5646963715553284,34,34.0,-0.5734314918518066
004_02,5,004 M- V7 HES.vsi - 20x_BF_02.tif,004 MM V8_01.vsi - 20x_BF_02.tif,-0.11166349053382874,1,-0.07708528637886047,205,-0.05667128786444664,205,-0.061794862151145935,207,-0.13007071614265442,214,-0.22335600852966309,205,-0.2926013171672821,11,-0.35984641313552856,10,-0.459665447473526,10,10.0,-0.49171847105026245
004_02,6,004 MM V8_01.vsi - 20x_BF_02.tif,004_LPS_F9_094427_202205.vsi - 40x_BF_02.tif,-0.10521411895751953,32,-0.06816165149211884,161,-0.05238364636898041,303,-0.08004488050937653,152,-0.1886831820011139,152,-0.32086870074272156,297,-0.42769965529441833,156,-0.559971034526825,14,-0.6207001209259033,15,15.0,-0.6507359147071838
004_02,7,004_LPS_F9_094427_202205.vsi - 40x_BF_02.tif,004_LTA_F10_095800_202205.vsi - 40x_BF_02.tif,-0.10897639393806458,331,-0.07556289434432983,331,-0.07173509895801544,331,-0.11636453121900558,332,-0.25612422823905945,347,-0.3998737931251526,339,-0.4802926182746887,346,-0.5738857984542847,330,-0.6308203339576721,347,344.0,-0.645035445690155
004_02,8,004_LTA_F10_095800_202205.vsi - 40x_BF_02.tif,004 HE R11_2.vsi - 20x_02.tif,-0.1292852759361267,148,-0.0981002226471901,148,-0.09829481691122055,148,-0.14608873426914215,149,-0.3082221746444702,148,-0.3921223282814026,148,-0.4900740385055542,148,-0.5467996597290039,148,-0.6460610628128052,148,148.0,-0.6765272617340088
004_02,9,004 HE R11_2.vsi - 20x_02.tif,004 HE R21_2.vsi - 20x_02.tif,-0.13745804131031036,287,-0.09966792166233063,303,-0.0960313230752945,303,-0.13029514253139496,303,-0.2300669401884079,303,-0.33865076303482056,299,-0.4043566882610321,299,-0.4609578549861908,295,-0.5606494545936584,296,297.0,-0.5729182958602905
003_02,1,003 HE R1_2.vsi - 20x_02.tif,003_ST_V19S23_107_2_02.tif,-0.1446532905101776,341,-0.11015376448631287,342,-0.10911068320274353,342,-0.16036047041416168,341,-0.28598281741142273,342,-0.4101122319698334,341,-0.4852718710899353,341,-0.6331151127815247,341,-0.6568961143493652,342,342.0,-0.6332687139511108
003_02,2,003_ST_V19S23_107_2_02.tif,003_MP_F3.vsi - 20x_BF_02.tif,-0.10286985337734222,113,-0.06556159257888794,113,-0.04514295607805252,37,-0.04483655095100403,44,-0.10086450725793839,107,-0.19579406082630157,107,-0.2706105709075928,107,-0.419894814491272,103,-0.47395938634872437,107,107.0,-0.4658278822898865
003_02,3,003_MP_F3.vsi - 20x_BF_02.tif,003 M+ V6 HES.vsi - 20x_BF_02.tif,-0.10608911514282227,25,-0.0711369588971138,181,-0.05486128106713295,174,-0.0661843791604042,179,-0.15208758413791656,261,-0.26742494106292725,182,-0.3465863764286041,178,-0.44599786400794983,203,-0.5076669454574585,179,179.0,-0.5273151397705078
003_02,4,003 M+ V6 HES.vsi - 20x_BF_02.tif,003 M- V7 HES.vsi - 20x_BF_02.tif,-0.13965237140655518,147,-0.10719452798366547,146,-0.1032763421535492,145,-0.14196324348449707,136,-0.2336069941520691,134,-0.3137454092502594,131,-0.3819202780723572,144,-0.4538762867450714,144,-0.5602046847343445,144,144.0,-0.5217372179031372
003_02,5,003 M- V7 HES.vsi - 20x_BF_02.tif,003 MM V8_01.vsi - 20x_BF_02.tif,-0.10295307636260986,359,-0.06954368948936462,13,-0.051601167768239975,121,-0.050773534923791885,292,-0.08338066190481186,292,-0.1406501978635788,292,-0.20640933513641357,293,-0.3027695119380951,96,-0.3732633590698242,97,293.0,-0.32847994565963745
003_02,6,003 MM V8_01.vsi - 20x_BF_02.tif,003_LPS_F9_094304_202205.vsi - 40x_BF_02.tif,-0.10333321988582611,289,-0.07196550816297531,290,-0.05891164764761925,290,-0.08130477368831635,289,-0.19120989739894867,289,-0.29863759875297546,290,-0.3928987383842468,290,-0.5201132893562317,290,-0.5610926747322083,290,290.0,-0.6077494621276855
003_02,7,003_LPS_F9_094304_202205.vsi - 40x_BF_02.tif,003_LTA_F10_095615_202205.vsi - 40x_BF_02.tif,-0.12140335142612457,39,-0.09783846139907837,39,-0.0990932360291481,39,-0.1469651609659195,38,-0.2444210797548294,38,-0.3202250301837921,39,-0.38433659076690674,39,-0.44316816329956055,39,-0.54107666015625,39,39.0,-0.5880675315856934
003_02,8,003_LTA_F10_095615_202205.vsi - 40x_BF_02.tif,003 HE R11_2.vsi - 20x_02.tif,-0.12567450106143951,48,-0.10031601041555405,48,-0.11076387763023376,48,-0.15862876176834106,48,-0.28087231516838074,47,-0.3604135513305664,47,-0.4318162500858307,45,-0.4544629156589508,47,-0.5876204967498779,47,47.0,-0.6387248039245605
003_02,9,003 HE R11_2.vsi - 20x_02.tif,003 HE R21_2.vsi - 20x_02.tif,-0.12038533389568329,81,-0.08526746928691864,262,-0.07520581781864166,261,-0.11532467603683472,238,-0.2160683423280716,235,-0.33756697177886963,237,-0.41389259696006775,81,-0.5113664269447327,108,-0.5979999899864197,108,108.0,-0.6178080439567566
046_03,1,046 HE R1_1.vsi - 20x_03.tif,046_ST_V10A20_011_3_03.tif,-0.14678356051445007,177,-0.12626738846302032,177,-0.16937611997127533,176,-0.29951420426368713,176,-0.5222784280776978,176,-0.6795890927314758,176,-0.7812904715538025,176,-0.8714116215705872,175,-0.9011433720588684,176,176.0,-0.8870939612388611
046_03,2,046_ST_V10A20_011_3_03.tif,046_MP_F3.vsi - 20x_BF_03.tif,-0.1102793738245964,0,-0.07160373777151108,0,-0.06794995069503784,1,-0.13687783479690552,1,-0.32655075192451477,1,-0.49736785888671875,1,-0.6088336110115051,1,-0.7273426651954651,1,-0.785290539264679,1,1.0,-0.7723275423049927
046_03,3,046_MP_F3.vsi - 20x_BF_03.tif,046 M+ V6 HES.vsi - 20x_BF_03.tif,-0.11060231924057007,105,-0.0713992565870285,62,-0.05856134742498398,62,-0.0963917076587677,288,-0.24762123823165894,123,-0.383521169424057,236,-0.497293621301651,125,-0.6298128962516785,194,-0.7074650526046753,156,156.0,-0.6890875101089478
046_03,4,046 M+ V6 HES.vsi - 20x_BF_03.tif,046 M- V7 HES.vsi - 20x_BF_03.tif,-0.14752444624900818,317,-0.13635894656181335,317,-0.18448394536972046,317,-0.29678618907928467,317,-0.4635787010192871,317,-0.5672510266304016,317,-0.6523230075836182,317,-0.7394130825996399,317,-0.7859736084938049,317,317.0,-0.7698531746864319
046_03,5,046 M- V7 HES.vsi - 20x_BF_03.tif,046 MM V8_01.vsi - 20x_BF_03.tif,-0.09481113404035568,80,-0.05603921040892601,139,-0.032671406865119934,139,-0.021959256380796432,140,-0.08167125284671783,116,-0.1890903264284134,116,-0.2691318094730377,116,-0.42451363801956177,62,-0.5115652680397034,65,65.0,-0.4905492067337036
046_03,6,046 MM V8_01.vsi - 20x_BF_03.tif,046_LPS_F9_094744_202205.vsi - 40x_BF_03.tif,-0.09168530255556107,187,-0.05299524590373039,104,-0.03888525068759918,104,-0.0659739226102829,107,-0.18592093884944916,121,-0.3350439965724945,49,-0.4426911771297455,309,-0.5899004340171814,325,-0.6495630145072937,325,325.0,-0.6561846733093262
046_03,7,046_LPS_F9_094744_202205.vsi - 40x_BF_03.tif,046_LTA_F10_100202_202205.vsi - 40x_BF_03.tif,-0.10659658908843994,320,-0.0738881528377533,320,-0.0845772847533226,320,-0.1581132411956787,320,-0.34673041105270386,319,-0.47485294938087463,319,-0.5873810648918152,319,-0.7174604535102844,320,-0.7580631971359253,319,318.0,-0.7511120438575745
046_03,8,046_LTA_F10_100202_202205.vsi - 40x_BF_03.tif,046 HE R11_1.vsi - 20x_03.tif,-0.10590607672929764,184,-0.06451769918203354,184,-0.0536310151219368,175,-0.11231499910354614,232,-0.2856893241405487,18,-0.44596195220947266,232,-0.568901002407074,232,-0.701376736164093,21,-0.7625372409820557,232,232.0,-0.7531981468200684
046_03,9,046 HE R11_1.vsi - 20x_03.tif,046 HE R21_1.vsi - 20x_03.tif,-0.13106513023376465,335,-0.09999173879623413,261,-0.12262649089097977,263,-0.23213154077529907,263,-0.46272364258766174,80,-0.6189061403274536,83,-0.7344489693641663,83,-0.832930862903595,124,-0.8698731660842896,83,83.0,-0.8530322313308716
047_03,1,047 HE R1_1.vsi - 20x_03.tif,047_ST_V10A20_007_3_03.tif,-0.15600988268852234,334,-0.13364410400390625,334,-0.16031180322170258,334,-0.24801266193389893,333,-0.44123443961143494,334,-0.5982559323310852,333,-0.6883717179298401,333,-0.7948161363601685,333,-0.84363853931427,333,333.0,-0.8257958889007568
047_03,2,047_ST_V10A20_007_3_03.tif,047_MP_F3.vsi - old_04 - 20x_BF_03.tif,-0.11224858462810516,147,-0.07108234614133835,146,-0.04758023843169212,84,-0.06318493187427521,57,-0.1648511439561844,71,-0.30006614327430725,256,-0.4043334722518921,148,-0.5696597695350647,145,-0.6296840310096741,148,148.0,-0.6175154447555542
047_03,3,047_MP_F3.vsi - old_04 - 20x_BF_03.tif,047 M+ V6 HES.vsi - 20x_BF_03.tif,-0.11578257381916046,358,-0.07415363937616348,356,-0.04760308563709259,356,-0.06155652925372124,267,-0.172205850481987,267,-0.30306053161621094,11,-0.419606477022171,354,-0.5574339628219604,354,-0.634905993938446,354,354.0,-0.6293691992759705
047_03,4,047 M+ V6 HES.vsi - 20x_BF_03.tif,047 M- V7 HES.vsi - 20x_BF_03.tif,-0.1926310658454895,282,-0.18828821182250977,282,-0.2497086077928543,282,-0.3755122721195221,282,-0.5618559122085571,282,-0.6944602131843567,282,-0.7744002938270569,282,-0.8432520031929016,282,-0.8796162605285645,282,282.0,-0.8685100078582764
047_03,5,047 M- V7 HES.vsi - 20x_BF_03.tif,047 MM V8.vsi - 20x_BF_03.tif,-0.12680183351039886,298,-0.08076157420873642,298,-0.0548890084028244,298,-0.08549312502145767,298,-0.22246840596199036,298,-0.3801165819168091,298,-0.49082306027412415,298,-0.6131526231765747,298,-0.6840867400169373,298,298.0,-0.6656831502914429
047_03,6,047 MM V8.vsi - 20x_BF_03.tif,047_LPS_F9_095009_202205.vsi - 40x_BF_03.tif,-0.1305736005306244,329,-0.1039113774895668,329,-0.11317260563373566,329,-0.172960102558136,329,-0.32602253556251526,329,-0.44821131229400635,330,-0.5058415532112122,330,-0.6178508400917053,330,-0.6357147693634033,330,330.0,-0.6634688973426819
047_03,7,047_LPS_F9_095009_202205.vsi - 40x_BF_03.tif,047_LTA_F10_100334_202205.vsi - 40x_BF_03.tif,-0.11356981098651886,19,-0.08337590098381042,19,-0.08984161168336868,19,-0.15682747960090637,22,-0.2945984899997711,22,-0.3928897976875305,20,-0.48261675238609314,20,-0.5578901171684265,19,-0.615731418132782,21,20.0,-0.6447804570198059
047_03,8,047_LTA_F10_100334_202205.vsi - 40x_BF_03.tif,047 HE R11_1.vsi - 20x_03.tif,-0.1492803543806076,93,-0.1293923705816269,93,-0.16463546454906464,93,-0.28137069940567017,93,-0.47929689288139343,93,-0.6150783896446228,92,-0.7120822668075562,92,-0.7873194813728333,93,-0.8368248343467712,92,92.0,-0.8235782980918884
047_03,9,047 HE R11_1.vsi - 20x_03.tif,047 HE R21_1.vsi - 20x_03.tif,-0.14191216230392456,349,-0.10360613465309143,349,-0.1105211079120636,349,-0.19719603657722473,342,-0.4011768698692322,344,-0.5347216725349426,340,-0.6556767821311951,344,-0.7198061943054199,330,-0.801675021648407,344,330.0,-0.7712935209274292
002_03,1,002 HE R1_3.vsi - 20x_03.tif,002_ST_V19S23_002_3_03.tif,-0.12443237006664276,36,-0.09219074249267578,36,-0.09700634330511093,38,-0.16858942806720734,36,-0.3362438380718231,36,-0.5155326128005981,36,-0.6003553867340088,36,-0.6554853916168213,35,-0.7255420088768005,35,35.0,-0.7380638718605042
002_03,2,002_ST_V19S23_002_3_03.tif,002_MP_F3.vsi - old_04 - 20x_BF_03.tif,-0.10507681220769882,107,-0.06786729395389557,107,-0.053740933537483215,91,-0.08877293020486832,104,-0.22199858725070953,103,-0.33838680386543274,102,-0.43075984716415405,93,-0.572211503982544,102,-0.6265786290168762,102,102.0,-0.6468583941459656
002_03,3,002_MP_F3.vsi - old_04 - 20x_BF_03.tif,002 M+ V6 HES.vsi - 20x_BF_03.tif,-0.09872899949550629,180,-0.07212645560503006,180,-0.07667414844036102,182,-0.11998014897108078,181,-0.23267048597335815,180,-0.36609113216400146,182,-0.4295046031475067,181,-0.511153519153595,181,-0.5830841064453125,181,181.0,-0.6266603469848633
002_03,4,002 M+ V6 HES.vsi - 20x_BF_03.tif,002 M- V7 HES.vsi - 20x_BF_03.tif,-0.08882789313793182,344,-0.06459309160709381,343,-0.07391098141670227,343,-0.13284951448440552,343,-0.2522580921649933,342,-0.38144272565841675,342,-0.42586809396743774,343,-0.4694763720035553,344,-0.5579228401184082,344,344.0,-0.6195533275604248
002_03,5,002 M- V7 HES.vsi - 20x_BF_03.tif,002 MM V8_01.vsi - 20x_BF_03.tif,-0.0851755291223526,28,-0.0652918741106987,27,-0.07717469334602356,27,-0.1361943632364273,28,-0.25647079944610596,28,-0.38910239934921265,28,-0.4356018602848053,29,-0.5524553656578064,28,-0.6167775392532349,27,27.0,-0.6804246306419373
002_03,6,002 MM V8_01.vsi - 20x_BF_03.tif,002_LPS_F9_094135_202205.vsi - 40x_BF_03.tif,-0.0959831103682518,336,-0.06728891283273697,341,-0.07783537358045578,332,-0.13081538677215576,332,-0.2654089331626892,333,-0.41666626930236816,338,-0.4937595725059509,333,-0.6297405362129211,338,-0.6735963821411133,333,333.0,-0.7298612594604492
002_03,7,002_LPS_F9_094135_202205.vsi - 40x_BF_03.tif,002_LTA_F10_095442_202205.vsi old_02 - 40x_BF_03.tif,-0.1112806499004364,240,-0.09193633496761322,240,-0.1057179868221283,241,-0.17143875360488892,241,-0.3031225800514221,241,-0.4262140691280365,241,-0.48097535967826843,241,-0.6137505769729614,241,-0.6174194812774658,241,241.0,-0.6724145412445068
002_03,8,002_LTA_F10_095442_202205.vsi old_02 - 40x_BF_03.tif,002 HE R11_3.vsi - 20x_03.tif,-0.09349983930587769,260,-0.06423633545637131,261,-0.05636242777109146,261,-0.07212962210178375,232,-0.15491217374801636,232,-0.2750166356563568,232,-0.34473082423210144,235,-0.4332219958305359,248,-0.533769428730011,234,234.0,-0.5680150985717773
002_03,9,002 HE R11_3.vsi - 20x_03.tif,002 HE R21_3.vsi - 20x_03.tif,-0.11940664052963257,109,-0.08579853177070618,110,-0.08997506648302078,110,-0.15643125772476196,109,-0.3101412355899811,109,-0.4432610869407654,109,-0.526183009147644,108,-0.6398458480834961,109,-0.687491774559021,107,106.0,-0.673464834690094
003_01,1,003 HE R1_1.vsi - 20x_01.tif,003_ST_V19S23_107_1_01.tif,-0.11614082753658295,231,-0.08445478975772858,231,-0.09993041306734085,231,-0.185862198472023,231,-0.3837846517562866,232,-0.5307486057281494,232,-0.6266972422599792,227,-0.7198620438575745,232,-0.7745404243469238,227,227.0,-0.7411848306655884
003_01,2,003_ST_V19S23_107_1_01.tif,003_MP_F3.vsi - 20x_BF_01.tif,-0.0901229977607727,316,-0.05309450253844261,316,-0.04609910771250725,97,-0.08337278664112091,311,-0.18659627437591553,312,-0.31842735409736633,314,-0.4035625457763672,313,-0.4918641448020935,154,-0.5688565373420715,39,39.0,-0.543907880783081
003_01,3,003_MP_F3.vsi - 20x_BF_01.tif,003 M+ V6 HES.vsi - 20x_BF_01.tif,-0.09724444150924683,255,-0.059517309069633484,51,-0.049045536667108536,31,-0.08319639414548874,32,-0.1794038563966751,33,-0.271708607673645,37,-0.33075985312461853,149,-0.4462660849094391,140,-0.5311747789382935,146,140.0,-0.5021673440933228
003_01,4,003 M+ V6 HES.vsi - 20x_BF_01.tif,003 M- V7 HES.vsi - 20x_BF_01.tif,-0.11136819422245026,340,-0.07366029173135757,342,-0.07186136394739151,343,-0.10035113990306854,342,-0.17926475405693054,349,-0.26927176117897034,347,-0.34536832571029663,72,-0.4560374617576599,219,-0.515496015548706,239,238.0,-0.4384095370769501
003_01,5,003 M- V7 HES.vsi - 20x_BF_01.tif,003 MM V8_01.vsi - 20x_BF_01.tif,-0.10380326956510544,29,-0.07012223452329636,29,-0.07074979692697525,30,-0.10911238193511963,29,-0.1907343864440918,22,-0.3269309401512146,21,-0.4121975600719452,23,-0.5417173504829407,27,-0.5835701823234558,27,26.0,-0.5953453779220581
003_01,6,003 MM V8_01.vsi - 20x_BF_01.tif,003_LPS_F9_094304_202205.vsi - 40x_BF_01.tif,-0.09755977243185043,223,-0.06611984223127365,229,-0.05923936143517494,230,-0.09220287948846817,195,-0.19430339336395264,192,-0.32160815596580505,196,-0.4179581105709076,354,-0.566024124622345,196,-0.5835676193237305,243,243.0,-0.6135520935058594
003_01,7,003_LPS_F9_094304_202205.vsi - 40x_BF_01.tif,003 HE R11_1.vsi - 20x_01.tif,-0.09636815637350082,68,-0.06180240958929062,185,-0.052283719182014465,45,-0.08009926974773407,45,-0.1819888949394226,47,-0.2954684793949127,44,-0.3728485405445099,46,-0.4630846083164215,209,-0.5509636402130127,207,207.0,-0.5522499084472656
047_01,1,047 HE R1_1.vsi - 20x_01.tif,047_ST_V10A20_007_1_01.tif,-0.10885342955589294,226,-0.07819513976573944,226,-0.07866385579109192,226,-0.12678228318691254,278,-0.24956154823303223,278,-0.39528408646583557,277,-0.5081129670143127,278,-0.6318594813346863,277,-0.6816749572753906,277,89.0,-0.6692579388618469
047_01,2,047_ST_V10A20_007_1_01.tif,047_MP_F3.vsi - 20x_BF_01.tif,-0.11936792731285095,47,-0.08836950361728668,47,-0.09848927706480026,47,-0.16420800983905792,47,-0.3147129416465759,47,-0.45044246315956116,47,-0.5538604855537415,46,-0.6725016832351685,47,-0.7283905148506165,47,47.0,-0.7278228998184204
047_01,3,047_MP_F3.vsi - 20x_BF_01.tif,047 M+ V6 HES.vsi - 20x_BF_01.tif,-0.10677248239517212,98,-0.06816039234399796,101,-0.058474279940128326,96,-0.09282339364290237,99,-0.18953396379947662,99,-0.2857884466648102,332,-0.3440787196159363,331,-0.4482465386390686,99,-0.5439158082008362,99,100.0,-0.523037314414978
047_01,4,047 M+ V6 HES.vsi - 20x_BF_01.tif,047 M- V7 HES.vsi - 20x_BF_01.tif,-0.12024796009063721,248,-0.08090774714946747,251,-0.08026781678199768,263,-0.14143069088459015,243,-0.2827083468437195,247,-0.410136342048645,247,-0.4655613601207733,247,-0.5838492512702942,247,-0.6331157088279724,246,246.0,-0.5995535254478455
047_01,5,047 M- V7 HES.vsi - 20x_BF_01.tif,047 MM V8.vsi - 20x_BF_01.tif,-0.10458244383335114,44,-0.06537866592407227,214,-0.05609435215592384,213,-0.07913308590650558,214,-0.17417681217193604,176,-0.2843819856643677,166,-0.3984947204589844,36,-0.558735728263855,36,-0.6266700029373169,37,37.0,-0.6299635171890259
047_01,6,047 MM V8.vsi - 20x_BF_01.tif,047_LPS_F9_095009_202205.vsi - 40x_BF_01.tif,-0.1020926684141159,11,-0.06577405333518982,10,-0.07289370149374008,8,-0.1454889178276062,8,-0.30662867426872253,8,-0.4683744013309479,7,-0.5651496052742004,8,-0.6794282793998718,8,-0.7298223972320557,8,8.0,-0.7510693073272705
047_01,7,047_LPS_F9_095009_202205.vsi - 40x_BF_01.tif,047_LTA_F10_100334_202205.vsi - 40x_BF_01.tif,-0.08495618402957916,11,-0.05261339247226715,0,-0.0453701876103878,29,-0.08137241750955582,27,-0.19847649335861206,27,-0.31623873114585876,22,-0.42713335156440735,22,-0.5173738598823547,26,-0.5943901538848877,26,26.0,-0.6375516653060913
047_01,8,047_LTA_F10_100334_202205.vsi - 40x_BF_01.tif,047 HE R11_1.vsi - 20x_01.tif,-0.09461943805217743,27,-0.05826159939169884,217,-0.040517549961805344,297,-0.0523950457572937,218,-0.13231545686721802,38,-0.23893076181411743,39,-0.3085297644138336,219,-0.4339226484298706,220,-0.5208622813224792,220,220.0,-0.5495811104774475
047_01,9,047 HE R11_1.vsi - 20x_01.tif,047 HE R21_1.vsi - 20x_01.tif,-0.1371540129184723,2,-0.09985143691301346,2,-0.11317400634288788,1,-0.21080715954303741,1,-0.3980051279067993,0,-0.5394418835639954,1,-0.649422287940979,1,-0.7573403120040894,1,-0.8056628704071045,1,1.0,-0.7773381471633911
004_03,1,004 HE R1_3.vsi - 20x_03.tif,004_ST_V19S23_108_3_03.tif,-0.13258200883865356,20,-0.1007586419582367,23,-0.10367748886346817,22,-0.1592845767736435,22,-0.2825968265533447,21,-0.3862983286380768,19,-0.4721352756023407,20,-0.5225265622138977,20,-0.6364569664001465,21,21.0,-0.6386869549751282
004_03,2,004_ST_V19S23_108_3_03.tif,004_MP_F3.vsi - 20x_BF_03.tif,-0.11462067812681198,143,-0.07571637630462646,143,-0.06059122085571289,143,-0.09019017964601517,177,-0.18806561827659607,177,-0.30326440930366516,178,-0.3886985778808594,180,-0.4693942666053772,143,-0.5533921122550964,143,143.0,-0.5699232816696167
004_03,3,004_MP_F3.vsi - 20x_BF_03.tif,004 M+ V6 HES.vsi - 20x_BF_03.tif,-0.11953544616699219,175,-0.07803633064031601,185,-0.05426551401615143,185,-0.07356342673301697,326,-0.17124617099761963,326,-0.28591856360435486,346,-0.36304473876953125,185,-0.4810357689857483,185,-0.5452399849891663,185,185.0,-0.5670167207717896
004_03,4,004 M+ V6 HES.vsi - 20x_BF_03.tif,004 M- V7 HES.vsi - 20x_BF_03.tif,-0.13911055028438568,343,-0.09962252527475357,355,-0.08391761034727097,355,-0.1121511161327362,354,-0.2066541612148285,357,-0.284773588180542,347,-0.3666493892669678,349,-0.44072815775871277,347,-0.527266263961792,349,349.0,-0.5016587972640991
004_03,5,004 M- V7 HES.vsi - 20x_BF_03.tif,004 MM V8_01.vsi - 20x_BF_03.tif,-0.10908687114715576,17,-0.07132785767316818,16,-0.0433155782520771,12,-0.036597561091184616,144,-0.07716541737318039,76,-0.15194299817085266,103,-0.22016893327236176,76,-0.33039963245391846,118,-0.3940208852291107,77,77.0,-0.39669114351272583
004_03,6,004 MM V8_01.vsi - 20x_BF_03.tif,004_LPS_F9_094427_202205.vsi - 40x_BF_03.tif,-0.10186375677585602,5,-0.06525947153568268,5,-0.04646943137049675,155,-0.06774231046438217,161,-0.13055270910263062,161,-0.2216939479112625,161,-0.2865486443042755,153,-0.3759475350379944,4,-0.45649829506874084,4,4.0,-0.5001385807991028
004_03,7,004_LPS_F9_094427_202205.vsi - 40x_BF_03.tif,004 HE R11_3.vsi - 20x_03.tif,-0.11470337212085724,279,-0.07592514157295227,85,-0.05892135202884674,279,-0.08852554857730865,279,-0.1906607449054718,279,-0.2897314727306366,281,-0.37631306052207947,285,-0.43621009588241577,76,-0.5128813982009888,98,98.0,-0.5266497731208801
004_03,8,004 HE R11_3.vsi - 20x_03.tif,004 HE R21_3.vsi - 20x_03.tif,-0.12675683200359344,4,-0.08890685439109802,4,-0.07046913355588913,3,-0.10450683534145355,14,-0.21146048605442047,14,-0.3410274088382721,13,-0.4533889591693878,200,-0.5467292666435242,13,-0.6179787516593933,13,13.0,-0.6370353698730469
046_04,1,046 HE R1_1.vsi - 20x_04.tif,046_ST_V10A20_011_4_04.tif,-0.16201964020729065,346,-0.13391074538230896,346,-0.15671095252037048,346,-0.26870405673980713,346,-0.48122143745422363,346,-0.6348341107368469,345,-0.7331327795982361,345,-0.8255930542945862,346,-0.8643795847892761,345,345.0,-0.8379446268081665
046_04,2,046_ST_V10A20_011_4_04.tif,046_MP_F3.vsi - old_05 - 20x_BF_04.tif,-0.1170697957277298,91,-0.06897173821926117,91,-0.041339486837387085,343,-0.07019302248954773,341,-0.2164224237203598,351,-0.38998082280158997,70,-0.48617568612098694,67,-0.6362517476081848,14,-0.6913282871246338,91,91.0,-0.6639055013656616
046_04,3,046_MP_F3.vsi - old_05 - 20x_BF_04.tif,046 M+ V6 HES.vsi - 20x_BF_04.tif,-0.11976885795593262,195,-0.07746803015470505,16,-0.0586862750351429,16,-0.09501227736473083,16,-0.24955926835536957,228,-0.4159592092037201,229,-0.5196285843849182,229,-0.6605219841003418,228,-0.7187750339508057,228,228.0,-0.7020127177238464
046_04,4,046 M+ V6 HES.vsi - 20x_BF_04.tif,046 M- V7 HES.vsi - 20x_BF_04.tif,-0.1429642289876938,50,-0.10566884279251099,50,-0.09947480261325836,51,-0.14923784136772156,51,-0.26944413781166077,51,-0.3836766183376312,50,-0.46414053440093994,50,-0.548451840877533,51,-0.6350932717323303,50,50.0,-0.5930458903312683
046_04,5,046 M- V7 HES.vsi - 20x_BF_04.tif,046 MM V8_01.vsi - 20x_BF_04.tif,-0.10307064652442932,298,-0.06288224458694458,299,-0.03868252784013748,299,-0.030459824949502945,298,-0.08818361908197403,40,-0.1888134777545929,68,-0.2668086588382721,68,-0.3972921073436737,56,-0.47043970227241516,298,298.0,-0.442792683839798
046_04,6,046 MM V8_01.vsi - 20x_BF_04.tif,046_LPS_F9_094744_202205.vsi - 40x_BF_04.tif,-0.10308143496513367,183,-0.06389914453029633,183,-0.03958715498447418,246,-0.04831450805068016,144,-0.12929072976112366,141,-0.2557770311832428,241,-0.3402564823627472,239,-0.4567432999610901,307,-0.5206081867218018,275,269.0,-0.5092781186103821
046_04,7,046_LPS_F9_094744_202205.vsi - 40x_BF_04.tif,046_LTA_F10_100202_202205.vsi - 40x_BF_04.tif,-0.11111977696418762,187,-0.07647862285375595,183,-0.0676729828119278,188,-0.12342262268066406,188,-0.26828324794769287,183,-0.3870454430580139,188,-0.462218314409256,187,-0.5861374139785767,187,-0.6288143992424011,187,187.0,-0.6161264181137085
046_04,8,046_LTA_F10_100202_202205.vsi - 40x_BF_04.tif,046 HE R11_1.vsi - 20x_04.tif,-0.13034652173519135,232,-0.09912862628698349,231,-0.1232520192861557,231,-0.22877825796604156,230,-0.42683881521224976,230,-0.5520069599151611,230,-0.6565051674842834,230,-0.7432937026023865,231,-0.8002821803092957,231,231.0,-0.8004333972930908
046_04,9,046 HE R11_1.vsi - 20x_04.tif,046 HE R21_1.vsi - 20x_04.tif,-0.12442606687545776,236,-0.08696579188108444,236,-0.09659111499786377,237,-0.1843286007642746,237,-0.38267648220062256,237,-0.557090699672699,236,-0.6575244069099426,236,-0.7760547995567322,238,-0.8089382648468018,237,237.0,-0.8044629096984863
048_01,1,048 HE R1_1.vsi - 20x_01.tif,048_ST_V10A20_009_1_01.tif,-0.15142613649368286,313,-0.13629508018493652,313,-0.16518177092075348,313,-0.2566402554512024,313,-0.41334807872772217,313,-0.5343445539474487,313,-0.6285605430603027,313,-0.7058683633804321,313,-0.7766090631484985,313,313.0,-0.7623988389968872
048_01,2,048_ST_V10A20_009_1_01.tif,048_MP_F3.vsi - 20x_BF_01.tif,-0.10787651687860489,326,-0.06695814430713654,326,-0.041138309985399246,329,-0.042694516479969025,126,-0.12385243922472,99,-0.2473789006471634,311,-0.3428433835506439,127,-0.4646531343460083,336,-0.5397837162017822,335,335.0,-0.5276915431022644
048_01,3,048_MP_F3.vsi - 20x_BF_01.tif,048 M+ V6 HES.vsi - 20x_BF_01.tif,-0.11296592652797699,314,-0.07974714040756226,314,-0.06074029207229614,315,-0.07551892846822739,315,-0.14568400382995605,315,-0.25375714898109436,315,-0.3296110928058624,316,-0.45067936182022095,315,-0.5306512713432312,316,316.0,-0.537110447883606
048_01,4,048 M+ V6 HES.vsi - 20x_BF_01.tif,048 M- V7 HES.vsi - 20x_BF_01.tif,-0.1405794471502304,97,-0.12175775319337845,97,-0.14231562614440918,97,-0.2164948284626007,97,-0.3612864911556244,98,-0.5032827854156494,98,-0.5720431208610535,98,-0.6548161506652832,98,-0.6990824341773987,98,98.0,-0.6983909606933594
048_01,5,048 M- V7 HES.vsi - 20x_BF_01.tif,048 MM V8_01.vsi - 20x_BF_01.tif,-0.10542061924934387,142,-0.07102930545806885,142,-0.05032660439610481,142,-0.05639774724841118,143,-0.12419623136520386,244,-0.24354349076747894,53,-0.33947861194610596,144,-0.44195979833602905,137,-0.5265247225761414,144,144.0,-0.5531604290008545
048_01,6,048 MM V8_01.vsi - 20x_BF_01.tif,048_LPS_F9_095142_202205.vsi - 40x_BF_01.tif,-0.10313017666339874,14,-0.07498060911893845,16,-0.06853783875703812,16,-0.08662620186805725,16,-0.16314341127872467,15,-0.2591044306755066,16,-0.3506321907043457,15,-0.4381563663482666,15,-0.5170942544937134,15,15.0,-0.5705704092979431
048_01,7,048_LPS_F9_095142_202205.vsi - 40x_BF_01.tif,048_LTA_F10_100505_202205.vsi - 40x_BF_01.tif,-0.10124347358942032,164,-0.07331223040819168,164,-0.0753556564450264,168,-0.1060275286436081,169,-0.2075951248407364,168,-0.29100942611694336,169,-0.392422616481781,168,-0.4307973086833954,175,-0.5264443159103394,169,169.0,-0.585423469543457
048_01,8,048_LTA_F10_100505_202205.vsi - 40x_BF_01.tif,048 HE R11_1.vsi - 20x_01.tif,-0.11046116054058075,107,-0.09008032083511353,107,-0.09672173857688904,107,-0.12684808671474457,107,-0.20691704750061035,107,-0.28858858346939087,107,-0.3650851845741272,107,-0.5293397903442383,107,-0.5607445240020752,107,107.0,-0.5980033874511719
048_01,9,048 HE R11_1.vsi - 20x_01.tif,048 HE R21_1.vsi - 20x_01.tif,-0.10920411348342896,294,-0.0756867453455925,296,-0.06831841170787811,294,-0.09577233344316483,296,-0.19855080544948578,127,-0.318947434425354,110,-0.39409109950065613,116,-0.45830032229423523,116,-0.5426843762397766,116,176.0,-0.5393098592758179
001_01,1,001 HE R1_1.vsi - 20x_01.tif,001_ST_V19S23_106_1_01.tif,-0.11346818506717682,26,-0.07813969254493713,27,-0.08196286112070084,27,-0.14852137863636017,27,-0.3225332796573639,27,-0.4924050569534302,26,-0.6118425130844116,28,-0.7304956912994385,27,-0.7708449363708496,27,27.0,-0.7685494422912598
001_01,2,001_ST_V19S23_106_1_01.tif,001_MP_F3.vsi - 20x_BF_01.tif,-0.09234263002872467,16,-0.05627570301294327,16,-0.0511653833091259,194,-0.09554223716259003,190,-0.23742923140525818,15,-0.38959136605262756,14,-0.4907480478286743,14,-0.6463661193847656,13,-0.7137344479560852,12,11.0,-0.7353151440620422
001_01,3,001_MP_F3.vsi - 20x_BF_01.tif,001 M+ V6 HES.vsi - 20x_BF_01.tif,-0.09573034942150116,228,-0.06292653828859329,228,-0.05458901822566986,43,-0.09652656316757202,43,-0.2162894457578659,226,-0.33444398641586304,227,-0.4310893416404724,227,-0.5980246663093567,242,-0.6608708500862122,242,242.0,-0.6792855858802795
001_01,4,001 M+ V6 HES.vsi - 20x_BF_01.tif,001 M- V7 HES.vsi - 20x_BF_01.tif,-0.10091535747051239,303,-0.06438205391168594,304,-0.053311098366975784,286,-0.08500241488218307,304,-0.19172169268131256,91,-0.320902019739151,92,-0.4297046959400177,314,-0.5753381848335266,306,-0.6349477767944336,92,92.0,-0.6328186988830566
001_01,5,001 M- V7 HES.vsi - 20x_BF_01.tif,001  MM V8.vsi - 20x_BF_01.tif,-0.09195345640182495,280,-0.059900831431150436,280,-0.049247995018959045,280,-0.07131258398294449,279,-0.18386121094226837,280,-0.3183641731739044,274,-0.4220118522644043,279,-0.5820416212081909,275,-0.6357212662696838,275,275.0,-0.6623403429985046
001_01,6,001  MM V8.vsi - 20x_BF_01.tif,001_LPS_F9_094012_202205.vsi - 40x_BF_01.tif,-0.08910029381513596,121,-0.05584755539894104,121,-0.04418818652629852,115,-0.07414828985929489,344,-0.18525834381580353,129,-0.33322638273239136,128,-0.4228041470050812,129,-0.546696662902832,343,-0.5939483642578125,129,129.0,-0.6313751339912415
001_01,7,001_LPS_F9_094012_202205.vsi - 40x_BF_01.tif,001_LTA_F10_095324_202205.vsi - 40x_BF_01.tif,-0.08871105313301086,308,-0.05406073108315468,149,-0.047133225947618484,140,-0.08011879771947861,140,-0.17793411016464233,314,-0.2992341220378876,322,-0.4101245701313019,315,-0.5246177315711975,316,-0.5604760050773621,316,316.0,-0.5876567363739014
001_01,8,001_LTA_F10_095324_202205.vsi - 40x_BF_01.tif,001 HE R11_1.vsi - 20x_01.tif,-0.11166040599346161,83,-0.07451453804969788,83,-0.0685221329331398,83,-0.1251174509525299,83,-0.274875670671463,83,-0.43225759267807007,85,-0.5414712429046631,83,-0.6875090003013611,236,-0.7267406582832336,238,238.0,-0.7224934101104736
001_01,9,001 HE R11_1.vsi - 20x_01.tif,001 HE R21_1.vsi - 20x_01.tif,-0.12132138013839722,307,-0.08456330746412277,300,-0.09077972918748856,300,-0.16137467324733734,316,-0.34296995401382446,315,-0.5132904052734375,315,-0.6189743876457214,316,-0.7403467297554016,316,-0.8037482500076294,316,316.0,-0.788115382194519
004_01,1,004 HE R1_1.vsi - 20x_01.tif,004_ST_V19S23_108_1_01.tif,-0.13740023970603943,36,-0.0990084558725357,37,-0.09512825310230255,37,-0.1376868188381195,39,-0.25754645466804504,40,-0.3666231632232666,38,-0.45878541469573975,38,-0.5772188305854797,41,-0.6538258790969849,39,40.0,-0.6258330345153809
004_01,2,004_ST_V19S23_108_1_01.tif,004_MP_F3.vsi - 20x_BF_01.tif,-0.13879123330116272,3,-0.09229059517383575,20,-0.07998866587877274,19,-0.13596627116203308,18,-0.2801949083805084,20,-0.41093507409095764,18,-0.5174389481544495,18,-0.6236988306045532,19,-0.7066841125488281,18,18.0,-0.693507969379425
004_01,3,004_MP_F3.vsi - 20x_BF_01.tif,004 M+ V6 HES.vsi - 20x_BF_01.tif,-0.12789057195186615,229,-0.08561486005783081,228,-0.06912219524383545,229,-0.10268044471740723,230,-0.24033769965171814,231,-0.368813693523407,226,-0.4622593820095062,227,-0.5234929323196411,227,-0.6048818230628967,228,228.0,-0.6054162979125977
004_01,4,004 M+ V6 HES.vsi - 20x_BF_01.tif,004 M- V7 HES.vsi - 20x_BF_01.tif,-0.14164409041404724,52,-0.10743295401334763,49,-0.10303227603435516,49,-0.14315611124038696,50,-0.22763073444366455,47,-0.3344138264656067,47,-0.39555487036705017,46,-0.5034412741661072,50,-0.5483794808387756,47,48.0,-0.5425309538841248
004_01,5,004 M- V7 HES.vsi - 20x_BF_01.tif,004 MM V8_01.vsi - 20x_BF_01.tif,-0.12206508219242096,188,-0.08835155516862869,188,-0.06839999556541443,188,-0.07683093100786209,187,-0.12294553965330124,187,-0.1900370568037033,187,-0.26013851165771484,188,-0.3678286075592041,31,-0.41825613379478455,124,276.0,-0.4058058559894562
004_01,6,004 MM V8_01.vsi - 20x_BF_01.tif,004_LPS_F9_094427_202205.vsi - 40x_BF_01.tif,-0.11901900172233582,83,-0.08251337707042694,83,-0.07565959542989731,83,-0.11702866107225418,83,-0.23981386423110962,84,-0.39607882499694824,85,-0.48601195216178894,85,-0.5963671803474426,83,-0.6291471123695374,84,84.0,-0.6717288494110107
004_01,7,004_LPS_F9_094427_202205.vsi - 40x_BF_01.tif,004_LTA_F10_095800_202205.vsi - 40x_BF_01.tif,-0.11471438407897949,302,-0.0852803885936737,303,-0.08439436554908752,303,-0.13167095184326172,303,-0.2215895801782608,303,-0.36622628569602966,304,-0.44926702976226807,304,-0.5486032366752625,304,-0.5774397253990173,303,303.0,-0.6198800802230835
004_01,8,004_LTA_F10_095800_202205.vsi - 40x_BF_01.tif,004 HE R11_1.vsi - 20x_01.tif,-0.1079004555940628,59,-0.0683845803141594,318,-0.04977056011557579,318,-0.06975294649600983,344,-0.1438641995191574,339,-0.24279777705669403,340,-0.3022504150867462,144,-0.4101720452308655,341,-0.47705259919166565,321,321.0,-0.4942057728767395
004_01,9,004 HE R11_1.vsi - 20x_01.tif,004 HE R21_1.vsi - 20x_01.tif,-0.13896656036376953,96,-0.09447452425956726,96,-0.07840403914451599,295,-0.11612271517515182,297,-0.23908059298992157,295,-0.3494719862937927,295,-0.42629778385162354,295,-0.5050466060638428,111,-0.5699049830436707,295,112.0,-0.5443365573883057
046_01,1,046 HE R1_1.vsi - 20x_01.tif,046_ST_V10A20_011_1_01.tif,-0.11953934282064438,60,-0.08824892342090607,60,-0.08931584656238556,63,-0.14029692113399506,63,-0.2814902365207672,59,-0.43854692578315735,57,-0.5455848574638367,42,-0.6426080465316772,52,-0.7087112069129944,41,42.0,-0.7031553983688354
046_01,2,046_ST_V10A20_011_1_01.tif,046_MP_F3.vsi - 20x_BF_01.tif,-0.11847862601280212,29,-0.08831705898046494,29,-0.08014742285013199,29,-0.11382890492677689,28,-0.23442232608795166,34,-0.3838001787662506,35,-0.4873925745487213,41,-0.6022807955741882,44,-0.6710160970687866,27,27.0,-0.68511962890625
046_01,3,046_MP_F3.vsi - 20x_BF_01.tif,046 M+ V6 HES.vsi - 20x_BF_01.tif,-0.11864177882671356,57,-0.08317536115646362,66,-0.06833423674106598,57,-0.09884317964315414,61,-0.22948580980300903,60,-0.3452773690223694,59,-0.4430801272392273,59,-0.5143970847129822,60,-0.5946332216262817,60,60.0,-0.6061373949050903
046_01,4,046 M+ V6 HES.vsi - 20x_BF_01.tif,046 M- V7 HES.vsi - 20x_BF_01.tif,-0.12164334207773209,318,-0.0958048477768898,319,-0.09867829084396362,318,-0.1447390466928482,319,-0.2695438861846924,319,-0.3661080598831177,319,-0.44193267822265625,319,-0.5254398584365845,319,-0.5878368020057678,319,319.0,-0.6049609780311584
046_01,5,046 M- V7 HES.vsi - 20x_BF_01.tif,046 MM V8_01.vsi - 20x_BF_01.tif,-0.08998125791549683,289,-0.06284831464290619,289,-0.045583195984363556,290,-0.045839086174964905,288,-0.09450853615999222,291,-0.19182893633842468,347,-0.2608141303062439,291,-0.3736434876918793,290,-0.44049882888793945,291,291.0,-0.491296648979187
046_01,6,046 MM V8_01.vsi - 20x_BF_01.tif,046_LPS_F9_094744_202205.vsi - 40x_BF_01.tif,-0.09008648991584778,141,-0.059629861265420914,142,-0.04544264078140259,142,-0.0614795908331871,143,-0.14790435135364532,149,-0.26225438714027405,143,-0.34816935658454895,150,-0.47555044293403625,150,-0.5198968052864075,149,149.0,-0.582273006439209
046_01,7,046_LPS_F9_094744_202205.vsi - 40x_BF_01.tif,046_LTA_F10_100202_202205.vsi - 40x_BF_01.tif,-0.09597712755203247,235,-0.06622263044118881,235,-0.06276679039001465,234,-0.11249426752328873,232,-0.24430663883686066,230,-0.34278547763824463,231,-0.4723435938358307,230,-0.5640845894813538,231,-0.632154107093811,231,231.0,-0.6659162044525146
046_01,8,046_LTA_F10_100202_202205.vsi - 40x_BF_01.tif,046 HE R11_1.vsi - 20x_01.tif,-0.10715548694133759,252,-0.07524942606687546,255,-0.07543258368968964,253,-0.13749605417251587,253,-0.3037227690219879,252,-0.4769817888736725,252,-0.5615325570106506,252,-0.6850629448890686,252,-0.7394130825996399,252,252.0,-0.7631857991218567
046_01,9,046 HE R11_1.vsi - 20x_01.tif,046 HE R21_1.vsi - 20x_01.tif,-0.125080868601799,357,-0.0964914932847023,357,-0.10724365711212158,357,-0.19714967906475067,357,-0.3991548418998718,358,-0.5408103466033936,358,-0.6724797487258911,357,-0.7514979243278503,357,-0.8102772831916809,357,357.0,-0.813069224357605
002_04,1,002 HE R1_4.vsi - 20x_04.tif,002_ST_V19S23_002_4_04.tif,-0.11769638955593109,202,-0.08614668250083923,204,-0.08654319494962692,203,-0.13650822639465332,203,-0.2606951892375946,204,-0.39164912700653076,205,-0.47943314909935,205,-0.612163782119751,205,-0.6821381449699402,204,205.0,-0.6969622373580933
002_04,2,002_ST_V19S23_002_4_04.tif,002_MP_F3.vsi - old_05 - 20x_BF_04.tif,-0.11609731614589691,307,-0.08072619885206223,308,-0.07096138596534729,319,-0.10696044564247131,319,-0.24648016691207886,319,-0.392229825258255,129,-0.5017204880714417,317,-0.616955041885376,317,-0.6857288479804993,317,317.0,-0.6840749979019165
002_04,3,002_MP_F3.vsi - old_05 - 20x_BF_04.tif,002 M+ V6 HES.vsi - 20x_BF_04.tif,-0.11665840446949005,214,-0.08052521198987961,222,-0.0704192966222763,223,-0.11592989414930344,94,-0.2722860276699066,222,-0.44931337237358093,213,-0.5595422387123108,214,-0.6710379123687744,12,-0.7346132397651672,214,214.0,-0.7353907823562622
002_04,4,002 M+ V6 HES.vsi - 20x_BF_04.tif,002 M- V7 HES.vsi - 20x_BF_04.tif,-0.14207032322883606,356,-0.11481160670518875,356,-0.14117513597011566,355,-0.2436341941356659,354,-0.4233470857143402,355,-0.5643070936203003,354,-0.6685323119163513,354,-0.7622274160385132,353,-0.8056759238243103,354,354.0,-0.7863630056381226
002_04,5,002 M- V7 HES.vsi - 20x_BF_04.tif,002 MM V8_01.vsi - 20x_BF_04.tif,-0.09532495588064194,179,-0.06178112328052521,345,-0.04618031904101372,147,-0.061962973326444626,145,-0.15159979462623596,148,-0.29493582248687744,358,-0.39539507031440735,358,-0.5591869950294495,65,-0.6086323857307434,359,82.0,-0.6264699697494507
002_04,6,002 MM V8_01.vsi - 20x_BF_04.tif,002_LPS_F9_094135_202205.vsi - 40x_BF_04.tif,-0.09537164121866226,317,-0.06258323788642883,251,-0.05118698254227638,142,-0.06495179235935211,210,-0.15741845965385437,68,-0.27513566613197327,228,-0.35958486795425415,320,-0.4662891924381256,21,-0.5323741436004639,251,251.0,-0.575330913066864
002_04,7,002_LPS_F9_094135_202205.vsi - 40x_BF_04.tif,002_LTA_F10_095442_202205.vsi old_03 - 40x_BF_04.tif,-0.10053715109825134,47,-0.07271239161491394,47,-0.06252191215753555,47,-0.08263853192329407,48,-0.1638607233762741,47,-0.25066259503364563,30,-0.33179816603660583,30,-0.4075349271297455,46,-0.4696959853172302,37,38.0,-0.5225949287414551
002_04,8,002_LTA_F10_095442_202205.vsi old_03 - 40x_BF_04.tif,002 HE R11_4.vsi - 20x_04.tif,-0.1109737902879715,80,-0.07885651290416718,80,-0.06756535917520523,80,-0.09962977468967438,81,-0.20823150873184204,80,-0.3198777735233307,80,-0.41182512044906616,80,-0.5171971321105957,79,-0.5816609263420105,80,80.0,-0.6160995960235596
002_04,9,002 HE R11_4.vsi - 20x_04.tif,002 HE R21_4.vsi - 20x_04.tif,-0.13111041486263275,5,-0.09937121719121933,6,-0.10223940759897232,10,-0.17128919064998627,7,-0.3396826982498169,2,-0.4996872544288635,2,-0.5971642136573792,0,-0.702704131603241,1,-0.7602548599243164,0,0.0,-0.7544575929641724
001_03,1,001 HE R1_3.vsi - 20x_03.tif,001_ST_V19S23_106_3_03.tif,-0.1426430642604828,42,-0.10451924055814743,42,-0.11257748305797577,45,-0.19518226385116577,45,-0.3892877399921417,45,-0.5501778721809387,45,-0.6559451222419739,45,-0.7710945010185242,45,-0.8112595677375793,45,45.0,-0.7773197293281555
001_03,2,001_ST_V19S23_106_3_03.tif,001_MP_F3.vsi - 20x_BF_03.tif,-0.11034344136714935,12,-0.06961427628993988,16,-0.057069551199674606,148,-0.08373843133449554,136,-0.21101143956184387,263,-0.36219486594200134,145,-0.46515029668807983,142,-0.5876832008361816,9,-0.664875328540802,10,11.0,-0.6575093269348145
001_03,3,001_MP_F3.vsi - 20x_BF_03.tif,001 M+ V6 HES.vsi - 20x_BF_03.tif,-0.09840783476829529,207,-0.05958496779203415,203,-0.03591412305831909,203,-0.03843143954873085,162,-0.1024174764752388,342,-0.18421101570129395,150,-0.2648375630378723,137,-0.3865772783756256,203,-0.46904176473617554,203,203.0,-0.4243015944957733
001_03,4,001 M+ V6 HES.vsi - 20x_BF_03.tif,001 M- V7 HES.vsi - 20x_BF_03.tif,-0.13861626386642456,337,-0.10414788126945496,337,-0.11346909403800964,337,-0.18456417322158813,337,-0.3197914659976959,337,-0.40480509400367737,337,-0.4848761558532715,337,-0.5848437547683716,336,-0.654888391494751,337,337.0,-0.6126704216003418
001_03,5,001 M- V7 HES.vsi - 20x_BF_03.tif,001  MM V8.vsi - 20x_BF_03.tif,-0.1409689486026764,102,-0.0952252447605133,103,-0.07777022570371628,102,-0.12836359441280365,102,-0.2707114517688751,101,-0.4015542268753052,102,-0.49981626868247986,102,-0.6285379528999329,102,-0.6990527510643005,102,102.0,-0.6822763085365295
001_03,6,001  MM V8.vsi - 20x_BF_03.tif,001_LPS_F9_094012_202205.vsi - 40x_BF_03.tif,-0.12678773701190948,281,-0.08789591491222382,281,-0.07849915325641632,281,-0.1259119212627411,281,-0.23164066672325134,281,-0.35436275601387024,281,-0.43707916140556335,281,-0.5535506010055542,281,-0.5903933048248291,281,281.0,-0.5797116756439209
001_03,7,001_LPS_F9_094012_202205.vsi - 40x_BF_03.tif,001_LTA_F10_095324_202205.vsi - 40x_BF_03.tif,-0.14052386581897736,359,-0.11354809999465942,359,-0.1394447386264801,359,-0.2326880395412445,359,-0.38310572504997253,359,-0.48345115780830383,359,-0.5677509903907776,359,-0.6480380296707153,359,-0.7028672695159912,359,359.0,-0.7105957269668579
001_03,8,001_LTA_F10_095324_202205.vsi - 40x_BF_03.tif,001 HE R11_3.vsi - 20x_03.tif,-0.13225789368152618,85,-0.0957796722650528,85,-0.0997261181473732,85,-0.16992942988872528,85,-0.34088194370269775,85,-0.45894569158554077,85,-0.5655009150505066,85,-0.6256027221679688,84,-0.7240362167358398,85,85.0,-0.6966451406478882
001_03,9,001 HE R11_3.vsi - 20x_03.tif,001 HE R21_3.vsi - 20x_03.tif,-0.1279713213443756,7,-0.08717288076877594,257,-0.07639634609222412,346,-0.12027402967214584,346,-0.2525854706764221,356,-0.371775358915329,130,-0.47611212730407715,359,-0.633019745349884,358,-0.6760929226875305,355,355.0,-0.6325911283493042
